Time [s],Time [h],Pack Voltage [V],Pack Current [A],Branch1_Voltage [V],Branch2_Voltage [V],Branch1_Current [A],Branch2_Current [A],Branch1_SOC,Branch2_SOC,Branch1_Temp [K],Branch2_Temp [K],Circulating_Current [A],Branch1_Deviation [%],Branch2_Deviation [%]
0.000000,0.000000,26.060000,314.000000,26.060000,29.200000,314.000000,0.000000,1.000000,1.000000,298.150000,298.150000,0.000000,0.000000,-0.000000
10.000000,0.002778,25.829240,314.000000,25.829240,29.200000,314.000000,0.000000,0.997222,1.000000,298.202669,298.150000,0.000000,0.000000,-0.000000
20.000000,0.005556,25.600654,314.000000,25.600654,29.200000,314.000000,0.000000,0.994444,1.000000,298.255252,298.150000,0.000000,0.000000,-0.000000
30.000000,0.008333,25.374185,314.000000,25.374185,29.200000,314.000000,0.000000,0.991667,1.000000,298.307751,298.150000,0.000000,0.000000,-0.000000
40.000000,0.011111,25.149778,314.000000,25.149778,29.200000,314.000000,0.000000,0.988889,1.000000,298.360164,298.150000,0.000000,0.000000,-0.000000
50.000000,0.013889,24.927378,314.000000,24.927378,29.200000,314.000000,0.000000,0.986111,1.000000,298.412492,298.150000,0.000000,0.000000,-0.000000
60.000000,0.016667,24.706933,314.000000,24.706933,29.200000,314.000000,0.000000,0.983333,1.000000,298.464735,298.150000,0.000000,0.000000,-0.000000
70.000000,0.019444,24.488391,314.000000,24.488391,29.200000,314.000000,0.000000,0.980556,1.000000,298.516894,298.150000,0.000000,0.000000,-0.000000
80.000000,0.022222,24.271701,314.000000,24.271701,29.200000,314.000000,0.000000,0.977778,1.000000,298.568969,298.150000,0.000000,0.000000,-0.000000
90.000000,0.025000,24.056816,314.000000,24.056816,29.200000,314.000000,0.000000,0.975000,1.000000,298.620958,298.150000,0.000000,0.000000,-0.000000
100.000000,0.027778,23.843688,314.000000,23.843688,29.200000,314.000000,0.000000,0.972222,1.000000,298.672864,298.150000,0.000000,0.000000,-0.000000
110.000000,0.030556,23.632270,314.000000,23.632270,29.200000,314.000000,0.000000,0.969444,1.000000,298.724686,298.150000,0.000000,0.000000,-0.000000
120.000000,0.033333,23.422518,314.000000,23.422518,29.200000,314.000000,0.000000,0.966667,1.000000,298.776423,298.150000,0.000000,0.000000,-0.000000
130.000000,0.036111,23.214387,314.000000,23.214387,29.200000,314.000000,0.000000,0.963889,1.000000,298.828077,298.150000,0.000000,0.000000,-0.000000
140.000000,0.038889,23.007836,314.000000,23.007836,29.200000,314.000000,0.000000,0.961111,1.000000,298.879647,298.150000,0.000000,0.000000,-0.000000
150.000000,0.041667,22.802822,314.000000,22.802822,29.200000,314.000000,0.000000,0.958333,1.000000,298.931134,298.150000,0.000000,0.000000,-0.000000
160.000000,0.044444,22.599305,314.000000,22.599305,29.200000,314.000000,0.000000,0.955556,1.000000,298.982537,298.150000,0.000000,0.000000,-0.000000
170.000000,0.047222,22.397245,314.000000,22.397245,29.200000,314.000000,0.000000,0.952778,1.000000,299.033857,298.150000,0.000000,0.000000,-0.000000
180.000000,0.050000,22.196605,314.000000,22.196605,29.200000,314.000000,0.000000,0.950000,1.000000,299.085093,298.150000,0.000000,0.000000,-0.000000
190.000000,0.052778,22.144364,314.000000,22.144364,29.200000,314.000000,0.000000,0.947222,1.000000,299.136247,298.150000,0.000000,0.000000,-0.000000
200.000000,0.055556,22.093469,314.000000,22.093469,29.200000,314.000000,0.000000,0.944444,1.000000,299.187317,298.150000,0.000000,0.000000,-0.000000
210.000000,0.058333,22.043884,314.000000,22.043884,29.200000,314.000000,0.000000,0.941667,1.000000,299.238305,298.150000,0.000000,0.000000,-0.000000
220.000000,0.061111,21.995574,314.000000,21.995574,29.200000,314.000000,0.000000,0.938889,1.000000,299.289211,298.150000,0.000000,0.000000,-0.000000
230.000000,0.063889,21.948507,314.000000,21.948507,29.200000,314.000000,0.000000,0.936111,1.000000,299.340034,298.150000,0.000000,0.000000,-0.000000
240.000000,0.066667,21.902649,314.000000,21.902649,29.200000,314.000000,0.000000,0.933333,1.000000,299.390774,298.150000,0.000000,0.000000,-0.000000
250.000000,0.069444,21.857968,314.000000,21.857968,29.200000,314.000000,0.000000,0.930556,1.000000,299.441432,298.150000,0.000000,0.000000,-0.000000
260.000000,0.072222,21.814434,314.000000,21.814434,29.200000,314.000000,0.000000,0.927778,1.000000,299.492009,298.150000,0.000000,0.000000,-0.000000
270.000000,0.075000,21.772017,314.000000,21.772017,29.200000,314.000000,0.000000,0.925000,1.000000,299.542503,298.150000,0.000000,0.000000,-0.000000
280.000000,0.077778,21.730686,314.000000,21.730686,29.200000,314.000000,0.000000,0.922222,1.000000,299.592915,298.150000,0.000000,0.000000,-0.000000
290.000000,0.080556,21.690414,314.000000,21.690414,29.200000,314.000000,0.000000,0.919444,1.000000,299.643246,298.150000,0.000000,0.000000,-0.000000
300.000000,0.083333,21.651173,314.000000,21.651173,29.200000,314.000000,0.000000,0.916667,1.000000,299.693495,298.150000,0.000000,0.000000,-0.000000
310.000000,0.086111,21.612935,314.000000,21.612935,29.200000,314.000000,0.000000,0.913889,1.000000,299.743663,298.150000,0.000000,0.000000,-0.000000
320.000000,0.088889,21.575674,314.000000,21.575674,29.200000,314.000000,0.000000,0.911111,1.000000,299.793750,298.150000,0.000000,0.000000,-0.000000
330.000000,0.091667,21.539364,314.000000,21.539364,29.200000,314.000000,0.000000,0.908333,1.000000,299.843755,298.150000,0.000000,0.000000,-0.000000
340.000000,0.094444,21.503980,314.000000,21.503980,29.200000,314.000000,0.000000,0.905556,1.000000,299.893679,298.150000,0.000000,0.000000,-0.000000
350.000000,0.097222,21.469499,314.000000,21.469499,29.200000,314.000000,0.000000,0.902778,1.000000,299.943523,298.150000,0.000000,0.000000,-0.000000
360.000000,0.100000,21.435895,314.000000,21.435895,29.200000,314.000000,0.000000,0.900000,1.000000,299.993285,298.150000,0.000000,0.000000,-0.000000
370.000000,0.102778,21.403827,314.000000,21.403827,29.200000,314.000000,0.000000,0.897222,1.000000,300.042967,298.150000,0.000000,0.000000,-0.000000
380.000000,0.105556,21.372591,314.000000,21.372591,29.200000,314.000000,0.000000,0.894444,1.000000,300.092569,298.150000,0.000000,0.000000,-0.000000
390.000000,0.108333,21.342166,314.000000,21.342166,29.200000,314.000000,0.000000,0.891667,1.000000,300.142090,298.150000,0.000000,0.000000,-0.000000
400.000000,0.111111,21.312530,314.000000,21.312530,29.200000,314.000000,0.000000,0.888889,1.000000,300.191531,298.150000,0.000000,0.000000,-0.000000
410.000000,0.113889,21.283663,314.000000,21.283663,29.200000,314.000000,0.000000,0.886111,1.000000,300.240891,298.150000,0.000000,0.000000,-0.000000
420.000000,0.116667,21.255544,314.000000,21.255544,29.200000,314.000000,0.000000,0.883333,1.000000,300.290172,298.150000,0.000000,0.000000,-0.000000
430.000000,0.119444,21.228154,314.000000,21.228154,29.200000,314.000000,0.000000,0.880556,1.000000,300.339373,298.150000,0.000000,0.000000,-0.000000
440.000000,0.122222,21.201473,314.000000,21.201473,29.200000,314.000000,0.000000,0.877778,1.000000,300.388494,298.150000,0.000000,0.000000,-0.000000
450.000000,0.125000,21.175483,314.000000,21.175483,29.200000,314.000000,0.000000,0.875000,1.000000,300.437536,298.150000,0.000000,0.000000,-0.000000
460.000000,0.127778,21.150165,314.000000,21.150165,29.200000,314.000000,0.000000,0.872222,1.000000,300.486498,298.150000,0.000000,0.000000,-0.000000
470.000000,0.130556,21.125502,314.000000,21.125502,29.200000,314.000000,0.000000,0.869444,1.000000,300.535381,298.150000,0.000000,0.000000,-0.000000
480.000000,0.133333,21.101478,314.000000,21.101478,29.200000,314.000000,0.000000,0.866667,1.000000,300.584185,298.150000,0.000000,0.000000,-0.000000
490.000000,0.136111,21.078074,314.000000,21.078074,29.200000,314.000000,0.000000,0.863889,1.000000,300.632909,298.150000,0.000000,0.000000,-0.000000
500.000000,0.138889,21.055274,314.000000,21.055274,29.200000,314.000000,0.000000,0.861111,1.000000,300.681555,298.150000,0.000000,0.000000,-0.000000
510.000000,0.141667,21.033063,314.000000,21.033063,29.200000,314.000000,0.000000,0.858333,1.000000,300.730121,298.150000,0.000000,0.000000,-0.000000
520.000000,0.144444,21.011426,314.000000,21.011426,29.200000,314.000000,0.000000,0.855556,1.000000,300.778609,298.150000,0.000000,0.000000,-0.000000
530.000000,0.147222,20.990346,314.000000,20.990346,29.200000,314.000000,0.000000,0.852778,1.000000,300.827019,298.150000,0.000000,0.000000,-0.000000
540.000000,0.150000,20.969810,314.000000,20.969810,29.200000,314.000000,0.000000,0.850000,1.000000,300.875350,298.150000,0.000000,0.000000,-0.000000
550.000000,0.152778,20.948780,314.000000,20.948780,29.200000,314.000000,0.000000,0.847222,1.000000,300.923603,298.150000,0.000000,0.000000,-0.000000
560.000000,0.155556,20.928266,314.000000,20.928266,29.200000,314.000000,0.000000,0.844444,1.000000,300.971777,298.150000,0.000000,0.000000,-0.000000
570.000000,0.158333,20.908253,314.000000,20.908253,29.200000,314.000000,0.000000,0.841667,1.000000,301.019874,298.150000,0.000000,0.000000,-0.000000
580.000000,0.161111,20.888729,314.000000,20.888729,29.200000,314.000000,0.000000,0.838889,1.000000,301.067892,298.150000,0.000000,0.000000,-0.000000
590.000000,0.163889,20.869681,314.000000,20.869681,29.200000,314.000000,0.000000,0.836111,1.000000,301.115833,298.150000,0.000000,0.000000,-0.000000
600.000000,0.166667,20.851095,314.000000,20.851095,29.200000,314.000000,0.000000,0.833333,1.000000,301.163696,298.150000,0.000000,0.000000,-0.000000
610.000000,0.169444,20.832960,314.000000,20.832960,29.200000,314.000000,0.000000,0.830556,1.000000,301.211482,298.150000,0.000000,0.000000,-0.000000
620.000000,0.172222,20.815264,314.000000,20.815264,29.200000,314.000000,0.000000,0.827778,1.000000,301.259190,298.150000,0.000000,0.000000,-0.000000
630.000000,0.175000,20.797996,314.000000,20.797996,29.200000,314.000000,0.000000,0.825000,1.000000,301.306820,298.150000,0.000000,0.000000,-0.000000
640.000000,0.177778,20.781144,314.000000,20.781144,29.200000,314.000000,0.000000,0.822222,1.000000,301.354374,298.150000,0.000000,0.000000,-0.000000
650.000000,0.180556,20.764697,314.000000,20.764697,29.200000,314.000000,0.000000,0.819444,1.000000,301.401850,298.150000,0.000000,0.000000,-0.000000
660.000000,0.183333,20.748645,314.000000,20.748645,29.200000,314.000000,0.000000,0.816667,1.000000,301.449250,298.150000,0.000000,0.000000,-0.000000
670.000000,0.186111,20.732976,314.000000,20.732976,29.200000,314.000000,0.000000,0.813889,1.000000,301.496573,298.150000,0.000000,0.000000,-0.000000
680.000000,0.188889,20.717682,314.000000,20.717682,29.200000,314.000000,0.000000,0.811111,1.000000,301.543819,298.150000,0.000000,0.000000,-0.000000
690.000000,0.191667,20.702752,314.000000,20.702752,29.200000,314.000000,0.000000,0.808333,1.000000,301.590989,298.150000,0.000000,0.000000,-0.000000
700.000000,0.194444,20.688177,314.000000,20.688177,29.200000,314.000000,0.000000,0.805556,1.000000,301.638082,298.150000,0.000000,0.000000,-0.000000
710.000000,0.197222,20.673947,314.000000,20.673947,29.200000,314.000000,0.000000,0.802778,1.000000,301.685098,298.150000,0.000000,0.000000,-0.000000
720.000000,0.200000,20.660053,314.000000,20.660053,29.200000,314.000000,0.000000,0.800000,1.000000,301.732039,298.150000,0.000000,0.000000,-0.000000
730.000000,0.202778,20.640643,314.000000,20.640643,29.200000,314.000000,0.000000,0.797222,1.000000,301.778904,298.150000,0.000000,0.000000,-0.000000
740.000000,0.205556,20.621551,314.000000,20.621551,29.200000,314.000000,0.000000,0.794444,1.000000,301.825692,298.150000,0.000000,0.000000,-0.000000
750.000000,0.208333,20.602769,314.000000,20.602769,29.200000,314.000000,0.000000,0.791667,1.000000,301.872405,298.150000,0.000000,0.000000,-0.000000
760.000000,0.211111,20.584290,314.000000,20.584290,29.200000,314.000000,0.000000,0.788889,1.000000,301.919042,298.150000,0.000000,0.000000,-0.000000
770.000000,0.213889,20.566105,314.000000,20.566105,29.200000,314.000000,0.000000,0.786111,1.000000,301.965604,298.150000,0.000000,0.000000,-0.000000
780.000000,0.216667,20.548206,314.000000,20.548206,29.200000,314.000000,0.000000,0.783333,1.000000,302.012090,298.150000,0.000000,0.000000,-0.000000
790.000000,0.219444,20.530586,314.000000,20.530586,29.200000,314.000000,0.000000,0.780556,1.000000,302.058501,298.150000,0.000000,0.000000,-0.000000
800.000000,0.222222,20.513238,314.000000,20.513238,29.200000,314.000000,0.000000,0.777778,1.000000,302.104836,298.150000,0.000000,0.000000,-0.000000
810.000000,0.225000,20.496155,314.000000,20.496155,29.200000,314.000000,0.000000,0.775000,1.000000,302.151097,298.150000,0.000000,0.000000,-0.000000
820.000000,0.227778,20.479328,314.000000,20.479328,29.200000,314.000000,0.000000,0.772222,1.000000,302.197282,298.150000,0.000000,0.000000,-0.000000
830.000000,0.230556,20.462753,314.000000,20.462753,29.200000,314.000000,0.000000,0.769444,1.000000,302.243393,298.150000,0.000000,0.000000,-0.000000
840.000000,0.233333,20.446422,314.000000,20.446422,29.200000,314.000000,0.000000,0.766667,1.000000,302.289429,298.150000,0.000000,0.000000,-0.000000
850.000000,0.236111,20.430329,314.000000,20.430329,29.200000,314.000000,0.000000,0.763889,1.000000,302.335390,298.150000,0.000000,0.000000,-0.000000
860.000000,0.238889,20.414467,314.000000,20.414467,29.200000,314.000000,0.000000,0.761111,1.000000,302.381277,298.150000,0.000000,0.000000,-0.000000
870.000000,0.241667,20.398830,314.000000,20.398830,29.200000,314.000000,0.000000,0.758333,1.000000,302.427090,298.150000,0.000000,0.000000,-0.000000
880.000000,0.244444,20.383413,314.000000,20.383413,29.200000,314.000000,0.000000,0.755556,1.000000,302.472828,298.150000,0.000000,0.000000,-0.000000
890.000000,0.247222,20.368209,314.000000,20.368209,29.200000,314.000000,0.000000,0.752778,1.000000,302.518493,298.150000,0.000000,0.000000,-0.000000
900.000000,0.250000,23.315113,314.000000,23.315113,26.238101,17.810094,296.189906,0.750000,1.000000,302.564083,298.150000,-139.189906,-88.655991,88.655991
910.000000,0.252778,23.314924,314.000000,23.314924,26.090585,24.825669,289.174331,0.749842,0.997380,302.557100,298.196863,-132.174331,-84.187472,84.187472
920.000000,0.255556,23.313551,314.000000,23.313551,25.947569,31.570580,282.429420,0.749623,0.994822,302.550288,298.241457,-125.429420,-79.891351,79.891351
930.000000,0.258333,23.311055,314.000000,23.311055,25.808869,38.056469,275.943531,0.749344,0.992323,302.543690,298.283919,-118.943531,-75.760211,75.760211
940.000000,0.261111,23.307491,314.000000,23.307491,25.674307,44.294471,269.705529,0.749007,0.989882,302.537344,298.324378,-112.705529,-71.786961,71.786961
950.000000,0.263889,23.302913,314.000000,23.302913,25.543714,50.295230,263.704770,0.748615,0.987496,302.531283,298.362953,-106.704770,-67.964822,67.964822
960.000000,0.266667,23.297375,314.000000,23.297375,25.416927,56.068924,257.931076,0.748170,0.985163,302.525535,298.399755,-100.931076,-64.287309,64.287309
970.000000,0.269444,23.290924,314.000000,23.290924,25.293793,61.625286,252.374714,0.747674,0.982881,302.520125,298.434889,-95.374714,-60.748226,60.748226
980.000000,0.272222,23.283608,314.000000,23.283608,25.174162,66.973618,247.026382,0.747129,0.980649,302.515072,298.468452,-90.026382,-57.341644,57.341644
990.000000,0.275000,23.275473,314.000000,23.275473,25.057893,72.122820,241.877180,0.746536,0.978464,302.510395,298.500533,-84.877180,-54.061898,54.061898
1000.000000,0.277778,23.266560,314.000000,23.266560,24.944850,77.081397,236.918603,0.745898,0.976324,302.506108,298.531217,-79.918603,-50.903569,50.903569
1010.000000,0.280556,23.256911,314.000000,23.256911,24.834904,81.857484,232.142516,0.745217,0.974228,302.502224,298.560584,-75.142516,-47.861475,47.861475
1020.000000,0.283333,23.246565,314.000000,23.246565,24.727929,86.458858,227.541142,0.744492,0.972174,302.498751,298.588706,-70.541142,-44.930664,44.930664
1030.000000,0.286111,23.235559,314.000000,23.235559,24.623807,90.892956,223.107044,0.743728,0.970161,302.495698,298.615653,-66.107044,-42.106397,42.106397
1040.000000,0.288889,23.223928,314.000000,23.223928,24.522424,95.166890,218.833110,0.742923,0.968188,302.493069,298.641488,-61.833110,-39.384146,39.384146
1050.000000,0.291667,23.211708,314.000000,23.211708,24.423671,99.287460,214.712540,0.742082,0.966252,302.490870,298.666273,-57.712540,-36.759580,36.759580
1060.000000,0.294444,23.198929,314.000000,23.198929,24.327444,103.261167,210.738833,0.741203,0.964352,302.489102,298.690064,-53.738833,-34.228556,34.228556
1070.000000,0.297222,23.185623,314.000000,23.185623,24.233644,107.094229,206.905771,0.740290,0.962488,302.487767,298.712912,-49.905771,-31.787115,31.787115
1080.000000,0.300000,23.171819,314.000000,23.171819,24.142174,110.792593,203.207407,0.739342,0.960658,302.486865,298.734869,-46.207407,-29.431470,29.431470
1090.000000,0.302778,23.157545,314.000000,23.157545,24.052945,114.361942,199.638058,0.738362,0.958860,302.486395,298.755979,-42.638058,-27.157998,27.157998
1100.000000,0.305556,23.142829,314.000000,23.142829,23.965867,117.807715,196.192285,0.737351,0.957094,302.486355,298.776288,-39.192285,-24.963239,24.963239
1110.000000,0.308333,23.127695,314.000000,23.127695,23.880857,121.135110,192.864890,0.736308,0.955358,302.486742,298.795834,-35.864890,-22.843879,22.843879
1120.000000,0.311111,23.112168,314.000000,23.112168,23.797836,124.349099,189.650901,0.735237,0.953652,302.487553,298.814658,-32.650901,-20.796752,20.796752
1130.000000,0.313889,23.096270,314.000000,23.096270,23.716727,127.454436,186.545564,0.734137,0.951974,302.488785,298.832794,-29.545564,-18.818830,18.818830
1140.000000,0.316667,23.080025,314.000000,23.080025,23.637456,130.455669,183.544331,0.733009,0.950324,302.490432,298.850277,-26.544331,-16.907217,16.907217
1150.000000,0.319444,23.080229,314.000000,23.080229,23.611958,131.679588,182.320412,0.731855,0.948700,302.492490,298.867139,-25.320412,-16.127651,16.127651
1160.000000,0.322222,23.084238,314.000000,23.084238,23.599886,132.445360,181.554640,0.730690,0.947088,302.494716,298.883733,-24.554640,-15.639898,15.639898
1170.000000,0.325000,23.087949,314.000000,23.087949,23.588196,133.178702,180.821298,0.729519,0.945481,302.497047,298.900153,-23.821298,-15.172801,15.172801
1180.000000,0.327778,23.091373,314.000000,23.091373,23.576874,133.880891,180.119109,0.728340,0.943882,302.499478,298.916403,-23.119109,-14.725547,14.725547
1190.000000,0.330556,23.094523,314.000000,23.094523,23.565906,134.553156,179.446844,0.727156,0.942288,302.502005,298.932492,-22.446844,-14.297353,14.297353
1200.000000,0.333333,23.097409,314.000000,23.097409,23.555279,135.196678,178.803322,0.725966,0.940701,302.504624,298.948425,-21.803322,-13.887466,13.887466
1210.000000,0.336111,23.100044,314.000000,23.100044,23.544980,135.812590,178.187410,0.724770,0.939119,302.507332,298.964210,-21.187410,-13.495166,13.495166
1220.000000,0.338889,23.102437,314.000000,23.102437,23.534996,136.401980,177.598020,0.723568,0.937543,302.510125,298.979851,-20.598020,-13.119758,13.119758
1230.000000,0.341667,23.104599,314.000000,23.104599,23.525315,136.965896,177.034104,0.722362,0.935972,302.512998,298.995356,-20.034104,-12.760576,12.760576
1240.000000,0.344444,23.106539,314.000000,23.106539,23.515927,137.505342,176.494658,0.721150,0.934406,302.515950,299.010728,-19.494658,-12.416979,12.416979
1250.000000,0.347222,23.108268,314.000000,23.108268,23.506821,138.021283,175.978717,0.719933,0.932844,302.518976,299.025973,-18.978717,-12.088355,12.088355
1260.000000,0.350000,23.109792,314.000000,23.109792,23.497985,138.514647,175.485353,0.718712,0.931288,302.522073,299.041097,-18.485353,-11.774110,11.774110
1270.000000,0.352778,23.111122,314.000000,23.111122,23.489410,138.986323,175.013677,0.717487,0.929735,302.525237,299.056103,-18.013677,-11.473679,11.473679
1280.000000,0.355556,23.112266,314.000000,23.112266,23.481085,139.437169,174.562831,0.716258,0.928187,302.528467,299.070997,-17.562831,-11.186517,11.186517
1290.000000,0.358333,23.113231,314.000000,23.113231,23.473003,139.868005,174.131995,0.715024,0.926643,302.531758,299.085783,-17.131995,-10.912099,10.912099
1300.000000,0.361111,23.114025,314.000000,23.114025,23.465152,140.279621,173.720379,0.713787,0.925102,302.535108,299.100464,-16.720379,-10.649923,10.649923
1310.000000,0.363889,23.114654,314.000000,23.114654,23.457526,140.672776,173.327224,0.712546,0.923565,302.538515,299.115045,-16.327224,-10.399506,10.399506
1320.000000,0.366667,23.115128,314.000000,23.115128,23.450115,141.048198,172.951802,0.711301,0.922032,302.541975,299.129530,-15.951802,-10.160383,10.160383
1330.000000,0.369444,23.115450,314.000000,23.115450,23.442912,141.406587,172.593413,0.710054,0.920502,302.545486,299.143921,-15.593413,-9.932110,9.932110
1340.000000,0.372222,23.115629,314.000000,23.115629,23.435908,141.748615,172.251385,0.708803,0.918975,302.549045,299.158223,-15.251385,-9.714258,9.714258
1350.000000,0.375000,23.115671,314.000000,23.115671,23.429097,142.074928,171.925072,0.707549,0.917451,302.552650,299.172439,-14.925072,-9.506416,9.506416
1360.000000,0.377778,23.115580,314.000000,23.115580,23.422471,142.386146,171.613854,0.706292,0.915930,302.556299,299.186572,-14.613854,-9.308188,9.308188
1370.000000,0.380556,23.115363,314.000000,23.115363,23.416023,142.682865,171.317135,0.705032,0.914412,302.559989,299.200625,-14.317135,-9.119194,9.119194
1380.000000,0.383333,23.115026,314.000000,23.115026,23.409747,142.965657,171.034343,0.703770,0.912897,302.563719,299.214601,-14.034343,-8.939072,8.939072
1390.000000,0.386111,23.114573,314.000000,23.114573,23.403636,143.235073,170.764927,0.702505,0.911384,302.567485,299.228502,-13.764927,-8.767469,8.767469
1400.000000,0.388889,23.114009,314.000000,23.114009,23.397684,143.491640,170.508360,0.701238,0.909873,302.571287,299.242332,-13.508360,-8.604051,8.604051
1410.000000,0.391667,23.113395,314.000000,23.113395,23.391904,143.737673,170.262327,0.699969,0.908365,302.575121,299.256093,-13.262327,-8.447342,8.447342
1420.000000,0.394444,23.114897,314.000000,23.114897,23.386986,144.043362,169.956638,0.698697,0.906858,302.578988,299.269786,-12.956638,-8.252636,8.252636
1430.000000,0.397222,23.116296,314.000000,23.116296,23.382222,144.336826,169.663174,0.697423,0.905355,302.582895,299.283402,-12.663174,-8.065716,8.065716
1440.000000,0.400000,23.117595,314.000000,23.117595,23.377606,144.618545,169.381455,0.696146,0.903854,302.586840,299.296942,-12.381455,-7.886277,7.886277
1450.000000,0.402778,23.118800,314.000000,23.118800,23.373132,144.888979,169.111021,0.694867,0.902356,302.590823,299.310410,-12.111021,-7.714026,7.714026
1460.000000,0.405556,23.119914,314.000000,23.119914,23.368794,145.148571,168.851429,0.693585,0.900860,302.594842,299.323806,-11.851429,-7.548681,7.548681
1470.000000,0.408333,23.120979,314.000000,23.120979,23.364706,145.393961,168.606039,0.692301,0.899366,302.598894,299.337134,-11.606039,-7.392382,7.392382
1480.000000,0.411111,23.122012,314.000000,23.122012,23.360903,145.624273,168.375727,0.691015,0.897874,302.602977,299.350397,-11.375727,-7.245686,7.245686
1490.000000,0.413889,23.122967,314.000000,23.122967,23.357220,145.845096,168.154904,0.689726,0.896385,302.607090,299.363596,-11.154904,-7.105034,7.105034
1500.000000,0.416667,23.123846,314.000000,23.123846,23.353654,146.056803,167.943197,0.688436,0.894897,302.611231,299.376734,-10.943197,-6.970189,6.970189
1510.000000,0.419444,23.124654,314.000000,23.124654,23.350199,146.259751,167.740249,0.687144,0.893411,302.615397,299.389813,-10.740249,-6.840923,6.840923
1520.000000,0.422222,23.125392,314.000000,23.125392,23.346852,146.454284,167.545716,0.685850,0.891928,302.619589,299.402835,-10.545716,-6.717016,6.717016
1530.000000,0.425000,23.126065,314.000000,23.126065,23.343609,146.640732,167.359268,0.684555,0.890445,302.623804,299.415800,-10.359268,-6.598260,6.598260
1540.000000,0.427778,23.126674,314.000000,23.126674,23.340467,146.819412,167.180588,0.683257,0.888965,302.628042,299.428711,-10.180588,-6.484451,6.484451
1550.000000,0.430556,23.127223,314.000000,23.127223,23.337420,146.990628,167.009372,0.681959,0.887486,302.632301,299.441569,-10.009372,-6.375396,6.375396
1560.000000,0.433333,23.127714,314.000000,23.127714,23.334466,147.154674,166.845326,0.680658,0.886008,302.636580,299.454376,-9.845326,-6.270908,6.270908
1570.000000,0.436111,23.128150,314.000000,23.128150,23.331602,147.311830,166.688170,0.679356,0.884532,302.640877,299.467133,-9.688170,-6.170809,6.170809
1580.000000,0.438889,23.128533,314.000000,23.128533,23.328823,147.462367,166.537633,0.678053,0.883058,302.645193,299.479841,-9.537633,-6.074926,6.074926
1590.000000,0.441667,23.128865,314.000000,23.128865,23.326128,147.606544,166.393456,0.676749,0.881585,302.649525,299.492502,-9.393456,-5.983093,5.983093
1600.000000,0.444444,23.129149,314.000000,23.129149,23.323512,147.744611,166.255389,0.675443,0.880113,302.653873,299.505116,-9.255389,-5.895152,5.895152
1610.000000,0.447222,23.129387,314.000000,23.129387,23.320974,147.876808,166.123192,0.674136,0.878642,302.658235,299.517686,-9.123192,-5.810951,5.810951
1620.000000,0.450000,23.129580,314.000000,23.129580,23.318509,148.003364,165.996636,0.672828,0.877172,302.662612,299.530212,-8.996636,-5.730341,5.730341
1630.000000,0.452778,23.129731,314.000000,23.129731,23.316116,148.124501,165.875499,0.671518,0.875704,302.667001,299.542695,-8.875499,-5.653184,5.653184
1640.000000,0.455556,23.129841,314.000000,23.129841,23.313792,148.240432,165.759568,0.670208,0.874236,302.671402,299.555136,-8.759568,-5.579343,5.579343
1650.000000,0.458333,23.129913,314.000000,23.129913,23.311534,148.351360,165.648640,0.668897,0.872770,302.675815,299.567537,-8.648640,-5.508688,5.508688
1660.000000,0.461111,23.129948,314.000000,23.129948,23.309340,148.457482,165.542518,0.667584,0.871305,302.680238,299.579898,-8.542518,-5.441094,5.441094
1670.000000,0.463889,23.129947,314.000000,23.129947,23.307208,148.558987,165.441013,0.666271,0.869840,302.684670,299.592220,-8.441013,-5.376441,5.376441
1680.000000,0.466667,23.129912,314.000000,23.129912,23.305135,148.656056,165.343944,0.664957,0.868377,302.689112,299.604504,-8.343944,-5.314614,5.314614
1690.000000,0.469444,23.129845,314.000000,23.129845,23.303119,148.748862,165.251138,0.663642,0.866914,302.693562,299.616751,-8.251138,-5.255502,5.255502
1700.000000,0.472222,23.129747,314.000000,23.129747,23.301158,148.837572,165.162428,0.662326,0.865452,302.698019,299.628962,-8.162428,-5.198998,5.198998
1710.000000,0.475000,23.129620,314.000000,23.129620,23.299251,148.922349,165.077651,0.661009,0.863991,302.702483,299.641138,-8.077651,-5.145001,5.145001
1720.000000,0.477778,23.129465,314.000000,23.129465,23.297394,149.003345,164.996655,0.659692,0.862531,302.706954,299.653278,-7.996655,-5.093411,5.093411
1730.000000,0.480556,23.129282,314.000000,23.129282,23.295587,149.080709,164.919291,0.658373,0.861071,302.711430,299.665385,-7.919291,-5.044135,5.044135
1740.000000,0.483333,23.129074,314.000000,23.129074,23.293827,149.154583,164.845417,0.657055,0.859612,302.715911,299.677459,-7.845417,-4.997081,4.997081
1750.000000,0.486111,23.128841,314.000000,23.128841,23.292114,149.225106,164.774894,0.655735,0.858154,302.720397,299.689500,-7.774894,-4.952162,4.952162
1760.000000,0.488889,23.128584,314.000000,23.128584,23.290444,149.292407,164.707593,0.654415,0.856696,302.724886,299.701509,-7.707593,-4.909295,4.909295
1770.000000,0.491667,23.128306,314.000000,23.128306,23.288817,149.356613,164.643387,0.653094,0.855239,302.729379,299.713486,-7.643387,-4.868399,4.868399
1780.000000,0.494444,23.128005,314.000000,23.128005,23.287231,149.417846,164.582154,0.651773,0.853782,302.733875,299.725434,-7.582154,-4.829397,4.829397
1790.000000,0.497222,23.127685,314.000000,23.127685,23.285684,149.476223,164.523777,0.650451,0.852326,302.738374,299.737350,-7.523777,-4.792215,4.792215
1800.000000,0.500000,23.127682,314.000000,23.127682,23.284284,149.542732,164.457268,0.649129,0.850871,302.742875,299.749238,-7.457268,-4.749852,4.749852
1810.000000,0.502778,23.127781,314.000000,23.127781,23.282817,149.617346,164.382654,0.647806,0.849416,302.747378,299.761094,-7.382654,-4.702327,4.702327
1820.000000,0.505556,23.127782,314.000000,23.127782,23.281146,149.696970,164.303030,0.646482,0.847962,302.751887,299.772918,-7.303030,-4.651612,4.651612
1830.000000,0.508333,23.127762,314.000000,23.127762,23.279512,149.773793,164.226207,0.645158,0.846508,302.756401,299.784709,-7.226207,-4.602680,4.602680
1840.000000,0.511111,23.127723,314.000000,23.127723,23.277916,149.847925,164.152075,0.643833,0.845056,302.760920,299.796468,-7.152075,-4.555462,4.555462
1850.000000,0.513889,23.127664,314.000000,23.127664,23.276355,149.919472,164.080528,0.642508,0.843604,302.765443,299.808194,-7.080528,-4.509891,4.509891
1860.000000,0.516667,23.127588,314.000000,23.127588,23.274829,149.988535,164.011465,0.641181,0.842152,302.769971,299.819889,-7.011465,-4.465901,4.465901
1870.000000,0.519444,23.127495,314.000000,23.127495,23.273335,150.055212,163.944788,0.639854,0.840701,302.774502,299.831552,-6.944788,-4.423432,4.423432
1880.000000,0.522222,23.127385,314.000000,23.127385,23.271874,150.119596,163.880404,0.638527,0.839251,302.779037,299.843185,-6.880404,-4.382423,4.382423
1890.000000,0.525000,23.127260,314.000000,23.127260,23.270443,150.181776,163.818224,0.637199,0.837801,302.783575,299.854788,-6.818224,-4.342818,4.342818
1900.000000,0.527778,23.127120,314.000000,23.127120,23.269041,150.241840,163.758160,0.635870,0.836352,302.788115,299.866362,-6.758160,-4.304561,4.304561
1910.000000,0.530556,23.126965,314.000000,23.126965,23.267668,150.299870,163.700130,0.634541,0.834903,302.792657,299.877906,-6.700130,-4.267599,4.267599
1920.000000,0.533333,23.126797,314.000000,23.126797,23.266323,150.355946,163.644054,0.633212,0.833455,302.797202,299.889421,-6.644054,-4.231882,4.231882
1930.000000,0.536111,23.126616,314.000000,23.126616,23.265003,150.410144,163.589856,0.631882,0.832007,302.801748,299.900908,-6.589856,-4.197360,4.197360
1940.000000,0.538889,23.126423,314.000000,23.126423,23.263710,150.462538,163.537462,0.630551,0.830560,302.806296,299.912366,-6.537462,-4.163988,4.163988
1950.000000,0.541667,23.126218,314.000000,23.126218,23.262441,150.513199,163.486801,0.629220,0.829113,302.810844,299.923797,-6.486801,-4.131720,4.131720
1960.000000,0.544444,23.126002,314.000000,23.126002,23.261196,150.562195,163.437805,0.627888,0.827667,302.815393,299.935201,-6.437805,-4.100513,4.100513
1970.000000,0.547222,23.125775,314.000000,23.125775,23.259973,150.609590,163.390410,0.626557,0.826221,302.819943,299.946577,-6.390410,-4.070325,4.070325
1980.000000,0.550000,23.125537,314.000000,23.125537,23.258773,150.655448,163.344552,0.625224,0.824776,302.824493,299.957927,-6.344552,-4.041116,4.041116
1990.000000,0.552778,23.125290,314.000000,23.125290,23.257594,150.699829,163.300171,0.623891,0.823331,302.829043,299.969250,-6.300171,-4.012848,4.012848
2000.000000,0.555556,23.125034,314.000000,23.125034,23.256435,150.742791,163.257209,0.622558,0.821886,302.833593,299.980548,-6.257209,-3.985484,3.985484
2010.000000,0.558333,23.124768,314.000000,23.124768,23.255296,150.784389,163.215611,0.621225,0.820442,302.838143,299.991819,-6.215611,-3.958988,3.958988
2020.000000,0.561111,23.124495,314.000000,23.124495,23.254176,150.824676,163.175324,0.619891,0.818998,302.842691,300.003065,-6.175324,-3.933327,3.933327
2030.000000,0.563889,23.124213,314.000000,23.124213,23.253075,150.863705,163.136295,0.618557,0.817555,302.847239,300.014286,-6.136295,-3.908468,3.908468
2040.000000,0.566667,23.123924,314.000000,23.123924,23.251992,150.901524,163.098476,0.617222,0.816111,302.851786,300.025482,-6.098476,-3.884380,3.884380
2050.000000,0.569444,23.123627,314.000000,23.123627,23.250925,150.938181,163.061819,0.615887,0.814669,302.856332,300.036653,-6.061819,-3.861031,3.861031
2060.000000,0.572222,23.123323,314.000000,23.123323,23.249875,150.973721,163.026279,0.614552,0.813226,302.860876,300.047799,-6.026279,-3.838395,3.838395
2070.000000,0.575000,23.123013,314.000000,23.123013,23.248841,151.008188,162.991812,0.613216,0.811784,302.865418,300.058921,-5.991812,-3.816441,3.816441
2080.000000,0.577778,23.122696,314.000000,23.122696,23.247822,151.041624,162.958376,0.611880,0.810342,302.869959,300.070020,-5.958376,-3.795144,3.795144
2090.000000,0.580556,23.122374,314.000000,23.122374,23.246818,151.074069,162.925931,0.610544,0.808900,302.874497,300.081094,-5.925931,-3.774478,3.774478
2100.000000,0.583333,23.122045,314.000000,23.122045,23.245828,151.105563,162.894437,0.609208,0.807459,302.879034,300.092145,-5.894437,-3.754418,3.754418
2110.000000,0.586111,23.121712,314.000000,23.121712,23.244853,151.136143,162.863857,0.607871,0.806018,302.883568,300.103172,-5.863857,-3.734941,3.734941
2120.000000,0.588889,23.121373,314.000000,23.121373,23.243890,151.165844,162.834156,0.606534,0.804577,302.888100,300.114177,-5.834156,-3.716023,3.716023
2130.000000,0.591667,23.121029,314.000000,23.121029,23.242940,151.194700,162.805300,0.605197,0.803137,302.892629,300.125158,-5.805300,-3.697643,3.697643
2140.000000,0.594444,23.120680,314.000000,23.120680,23.242003,151.222745,162.777255,0.603859,0.801697,302.897156,300.136117,-5.777255,-3.679780,3.679780
2150.000000,0.597222,23.120327,314.000000,23.120327,23.241077,151.250011,162.749989,0.602521,0.800257,302.901680,300.147052,-5.749989,-3.662413,3.662413
2160.000000,0.600000,23.119363,314.000000,23.119363,23.238281,151.337249,162.662751,0.601183,0.798817,302.906201,300.157966,-5.662751,-3.606848,3.606848
2170.000000,0.602778,23.118258,314.000000,23.118258,23.235098,151.436182,162.563818,0.599844,0.797378,302.910728,300.168846,-5.563818,-3.543833,3.543833
2180.000000,0.605556,23.117158,314.000000,23.117158,23.231943,151.534048,162.465952,0.598505,0.795940,302.915265,300.179692,-5.465952,-3.481498,3.481498
2190.000000,0.608333,23.116046,314.000000,23.116046,23.228810,151.630307,162.369693,0.597164,0.794502,302.919810,300.190503,-5.369693,-3.420187,3.420187
2200.000000,0.611111,23.114922,314.000000,23.114922,23.225696,151.725018,162.274982,0.595823,0.793066,302.924363,300.201280,-5.274982,-3.359861,3.359861
2210.000000,0.613889,23.113786,314.000000,23.113786,23.222603,151.818244,162.181756,0.594481,0.791630,302.928924,300.212023,-5.181756,-3.300482,3.300482
2220.000000,0.616667,23.112640,314.000000,23.112640,23.219529,151.910040,162.089960,0.593138,0.790196,302.933492,300.222733,-5.089960,-3.242013,3.242013
2230.000000,0.619444,23.111483,314.000000,23.111483,23.216473,152.000463,161.999537,0.591794,0.788762,302.938069,300.233409,-4.999537,-3.184418,3.184418
2240.000000,0.622222,23.110316,314.000000,23.110316,23.213435,152.089566,161.910434,0.590449,0.787329,302.942652,300.244052,-4.910434,-3.127665,3.127665
2250.000000,0.625000,23.109140,314.000000,23.109140,23.210414,152.177399,161.822601,0.589104,0.785896,302.947243,300.254663,-4.822601,-3.071720,3.071720
2260.000000,0.627778,23.107954,314.000000,23.107954,23.207410,152.264012,161.735988,0.587757,0.784465,302.951840,300.265241,-4.735988,-3.016553,3.016553
2270.000000,0.630556,23.106760,314.000000,23.106760,23.204422,152.349452,161.650548,0.586410,0.783034,302.956444,300.275787,-4.650548,-2.962133,2.962133
2280.000000,0.633333,23.105558,314.000000,23.105558,23.201449,152.433764,161.566236,0.585063,0.781604,302.961055,300.286301,-4.566236,-2.908431,2.908431
2290.000000,0.636111,23.104348,314.000000,23.104348,23.198491,152.516991,161.483009,0.583714,0.780175,302.965671,300.296784,-4.483009,-2.855419,2.855419
2300.000000,0.638889,23.103130,314.000000,23.103130,23.195547,152.599176,161.400824,0.582365,0.778746,302.970294,300.307235,-4.400824,-2.803072,2.803072
2310.000000,0.641667,23.101905,314.000000,23.101905,23.192617,152.680359,161.319641,0.581015,0.777318,302.974923,300.317655,-4.319641,-2.751364,2.751364
2320.000000,0.644444,23.100673,314.000000,23.100673,23.189701,152.760577,161.239423,0.579664,0.775891,302.979557,300.328045,-4.239423,-2.700269,2.700269
2330.000000,0.647222,23.099434,314.000000,23.099434,23.186797,152.839869,161.160131,0.578313,0.774465,302.984197,300.338403,-4.160131,-2.649765,2.649765
2340.000000,0.650000,23.098189,314.000000,23.098189,23.183906,152.918269,161.081731,0.576961,0.773039,302.988843,300.348732,-4.081731,-2.599829,2.599829
2350.000000,0.652778,23.096939,314.000000,23.096939,23.181027,152.995812,161.004188,0.575608,0.771614,302.993494,300.359030,-4.004188,-2.550438,2.550438
2360.000000,0.655556,23.095682,314.000000,23.095682,23.178159,153.072531,160.927469,0.574255,0.770190,302.998149,300.369297,-3.927469,-2.501573,2.501573
2370.000000,0.658333,23.094420,314.000000,23.094420,23.175303,153.148457,160.851543,0.572900,0.768766,303.002810,300.379536,-3.851543,-2.453212,2.453212
2380.000000,0.661111,23.093153,314.000000,23.093153,23.172457,153.223620,160.776380,0.571546,0.767343,303.007476,300.389744,-3.776380,-2.405337,2.405337
2390.000000,0.663889,23.091881,314.000000,23.091881,23.169622,153.298050,160.701950,0.570190,0.765921,303.012147,300.399923,-3.701950,-2.357930,2.357930
2400.000000,0.666667,23.090605,314.000000,23.090605,23.166797,153.371775,160.628225,0.568834,0.764499,303.016822,300.410073,-3.628225,-2.310971,2.310971
2410.000000,0.669444,23.089323,314.000000,23.089323,23.163982,153.444821,160.555179,0.567477,0.763078,303.021501,300.420194,-3.555179,-2.264445,2.264445
2420.000000,0.672222,23.088038,314.000000,23.088038,23.161177,153.517215,160.482785,0.566120,0.761658,303.026185,300.430285,-3.482785,-2.218335,2.218335
2430.000000,0.675000,23.086749,314.000000,23.086749,23.158380,153.588980,160.411020,0.564762,0.760238,303.030873,300.440348,-3.411020,-2.172624,2.172624
2440.000000,0.677778,23.085455,314.000000,23.085455,23.155592,153.660141,160.339859,0.563403,0.758819,303.035566,300.450383,-3.339859,-2.127298,2.127298
2450.000000,0.680556,23.084158,314.000000,23.084158,23.152813,153.730722,160.269278,0.562044,0.757401,303.040262,300.460388,-3.269278,-2.082343,2.082343
2460.000000,0.683333,23.082858,314.000000,23.082858,23.150042,153.800742,160.199258,0.560684,0.755983,303.044963,300.470366,-3.199258,-2.037744,2.037744
2470.000000,0.686111,23.081554,314.000000,23.081554,23.147280,153.870225,160.129775,0.559323,0.754566,303.049667,300.480316,-3.129775,-1.993487,1.993487
2480.000000,0.688889,23.080247,314.000000,23.080247,23.144524,153.939190,160.060810,0.557962,0.753149,303.054376,300.490237,-3.060810,-1.949561,1.949561
2490.000000,0.691667,23.078938,314.000000,23.078938,23.141777,154.007656,159.992344,0.556600,0.751733,303.059087,300.500131,-2.992344,-1.905952,1.905952
2500.000000,0.694444,23.077625,314.000000,23.077625,23.139036,154.075643,159.924357,0.555238,0.750318,303.063803,300.509996,-2.924357,-1.862648,1.862648
2510.000000,0.697222,23.076193,314.000000,23.076193,23.135941,154.154853,159.845147,0.553875,0.748903,303.068522,300.519835,-2.845147,-1.812195,1.812195
2520.000000,0.700000,23.074723,314.000000,23.074723,23.132749,154.236842,159.763158,0.552511,0.747489,303.073246,300.529643,-2.763158,-1.759973,1.759973
2530.000000,0.702778,23.073248,314.000000,23.073248,23.129566,154.318198,159.681802,0.551146,0.746076,303.077977,300.539422,-2.681802,-1.708154,1.708154
2540.000000,0.705556,23.071753,314.000000,23.071753,23.126387,154.398400,159.601600,0.549781,0.744663,303.082713,300.549171,-2.601600,-1.657070,1.657070
2550.000000,0.708333,23.070165,314.000000,23.070165,23.123187,154.475159,159.524841,0.548415,0.743251,303.087454,300.558891,-2.524841,-1.608179,1.608179
2560.000000,0.711111,23.068574,314.000000,23.068574,23.119995,154.551398,159.448602,0.547049,0.741840,303.092201,300.568582,-2.448602,-1.559619,1.559619
2570.000000,0.713889,23.066980,314.000000,23.066980,23.116810,154.627137,159.372863,0.545682,0.740429,303.096953,300.578244,-2.372863,-1.511378,1.511378
2580.000000,0.716667,23.065382,314.000000,23.065382,23.113632,154.702395,159.297605,0.544314,0.739020,303.101709,300.587877,-2.297605,-1.463443,1.463443
2590.000000,0.719444,23.063782,314.000000,23.063782,23.110462,154.777188,159.222812,0.542945,0.737610,303.106470,300.597483,-2.222812,-1.415804,1.415804
2600.000000,0.722222,23.062180,314.000000,23.062180,23.107298,154.851534,159.148466,0.541576,0.736202,303.111236,300.607059,-2.148466,-1.368449,1.368449
2610.000000,0.725000,23.060575,314.000000,23.060575,23.104140,154.925450,159.074550,0.540206,0.734794,303.116006,300.616608,-2.074550,-1.321369,1.321369
2620.000000,0.727778,23.058967,314.000000,23.058967,23.100989,154.998952,159.001048,0.538836,0.733387,303.120781,300.626129,-2.001048,-1.274553,1.274553
2630.000000,0.730556,23.057357,314.000000,23.057357,23.097844,155.072054,158.927946,0.537464,0.731980,303.125560,300.635622,-1.927946,-1.227991,1.227991
2640.000000,0.733333,23.055745,314.000000,23.055745,23.094705,155.144770,158.855230,0.536093,0.730574,303.130343,300.645086,-1.855230,-1.181675,1.181675
2650.000000,0.736111,23.054132,314.000000,23.054132,23.091572,155.217116,158.782884,0.534720,0.729169,303.135131,300.654524,-1.782884,-1.135595,1.135595
2660.000000,0.738889,23.052516,314.000000,23.052516,23.088444,155.289104,158.710896,0.533347,0.727764,303.139923,300.663933,-1.710896,-1.089743,1.089743
2670.000000,0.741667,23.050898,314.000000,23.050898,23.085322,155.360747,158.639253,0.531973,0.726360,303.144720,300.673316,-1.639253,-1.044110,1.044110
2680.000000,0.744444,23.049279,314.000000,23.049279,23.082205,155.432058,158.567942,0.530599,0.724957,303.149520,300.682671,-1.567942,-0.998689,0.998689
2690.000000,0.747222,23.047658,314.000000,23.047658,23.079094,155.503048,158.496952,0.529224,0.723554,303.154324,300.691998,-1.496952,-0.953472,0.953472
2700.000000,0.750000,23.046035,314.000000,23.046035,23.075987,155.573730,158.426270,0.527848,0.722152,303.159133,300.701299,-1.426270,-0.908452,0.908452
2710.000000,0.752778,23.044411,314.000000,23.044411,23.072885,155.644113,158.355887,0.526472,0.720750,303.163945,300.710572,-1.355887,-0.863622,0.863622
2720.000000,0.755556,23.042786,314.000000,23.042786,23.069788,155.714209,158.285791,0.525095,0.719349,303.168761,300.719819,-1.285791,-0.818975,0.818975
2730.000000,0.758333,23.041160,314.000000,23.041160,23.066695,155.784027,158.215973,0.523717,0.717949,303.173582,300.729038,-1.215973,-0.774505,0.774505
2740.000000,0.761111,23.039532,314.000000,23.039532,23.063607,155.853578,158.146422,0.522339,0.716550,303.178406,300.738231,-1.146422,-0.730205,0.730205
2750.000000,0.763889,23.037903,314.000000,23.037903,23.060523,155.922870,158.077130,0.520961,0.715151,303.183233,300.747398,-1.077130,-0.686070,0.686070
2760.000000,0.766667,23.036273,314.000000,23.036273,23.057443,155.991913,158.008087,0.519581,0.713752,303.188065,300.756537,-1.008087,-0.642094,0.642094
2770.000000,0.769444,23.034643,314.000000,23.034643,23.054368,156.060715,157.939285,0.518201,0.712354,303.192900,300.765651,-0.939285,-0.598270,0.598270
2780.000000,0.772222,23.033011,314.000000,23.033011,23.051296,156.129285,157.870715,0.516821,0.710957,303.197739,300.774738,-0.870715,-0.554595,0.554595
2790.000000,0.775000,23.031379,314.000000,23.031379,23.048228,156.197631,157.802369,0.515439,0.709561,303.202581,300.783798,-0.802369,-0.511063,0.511063
2800.000000,0.777778,23.029745,314.000000,23.029745,23.045164,156.265760,157.734240,0.514058,0.708165,303.207427,300.792833,-0.734240,-0.467669,0.467669
2810.000000,0.780556,23.028111,314.000000,23.028111,23.042104,156.333679,157.666321,0.512675,0.706769,303.212276,300.801841,-0.666321,-0.424408,0.424408
2820.000000,0.783333,23.026477,314.000000,23.026477,23.039047,156.401396,157.598604,0.511292,0.705374,303.217129,300.810823,-0.598604,-0.381277,0.381277
2830.000000,0.786111,23.024841,314.000000,23.024841,23.035994,156.468917,157.531083,0.509909,0.703980,303.221986,300.819779,-0.531083,-0.338269,0.338269
2840.000000,0.788889,23.023206,314.000000,23.023206,23.032944,156.536249,157.463751,0.508525,0.702587,303.226845,300.828710,-0.463751,-0.295383,0.295383
2850.000000,0.791667,23.021569,314.000000,23.021569,23.029898,156.603399,157.396601,0.507140,0.701194,303.231709,300.837614,-0.396601,-0.252612,0.252612
2860.000000,0.794444,23.020047,314.000000,23.020047,23.027210,156.658906,157.341094,0.505754,0.699801,303.236575,300.846493,-0.341094,-0.217257,0.217257
2870.000000,0.797222,23.019214,314.000000,23.019214,23.026657,156.645581,157.354419,0.504368,0.698409,303.241443,300.855348,-0.354419,-0.225745,0.225745
2880.000000,0.800000,23.018391,314.000000,23.018391,23.026095,156.633165,157.366835,0.502983,0.697017,303.246301,300.864192,-0.366835,-0.233653,0.233653
2890.000000,0.802778,23.017578,314.000000,23.017578,23.025524,156.621624,157.378376,0.501597,0.695625,303.251149,300.873022,-0.378376,-0.241004,0.241004
2900.000000,0.805556,23.016774,314.000000,23.016774,23.024945,156.610923,157.389077,0.500212,0.694233,303.255987,300.881841,-0.389077,-0.247820,0.247820
2910.000000,0.808333,23.015690,314.000000,23.015690,23.024264,156.591684,157.408316,0.498826,0.692841,303.260815,300.890647,-0.408316,-0.260074,0.260074
2920.000000,0.811111,23.014563,314.000000,23.014563,23.023558,156.571659,157.428341,0.497441,0.691448,303.265633,300.899442,-0.428341,-0.272829,0.272829
2930.000000,0.813889,23.013445,314.000000,23.013445,23.022843,156.552519,157.447481,0.496056,0.690055,303.270439,300.908226,-0.447481,-0.285020,0.285020
2940.000000,0.816667,23.012338,314.000000,23.012338,23.022119,156.534230,157.465770,0.494671,0.688663,303.275234,300.916999,-0.465770,-0.296669,0.296669
2950.000000,0.819444,23.011239,314.000000,23.011239,23.021387,156.516758,157.483242,0.493286,0.687270,303.280018,300.925761,-0.483242,-0.307797,0.307797
2960.000000,0.822222,23.010149,314.000000,23.010149,23.020647,156.500071,157.499929,0.491901,0.685876,303.284792,300.934511,-0.499929,-0.318426,0.318426
2970.000000,0.825000,23.009067,314.000000,23.009067,23.019900,156.484139,157.515861,0.490517,0.684483,303.289555,300.943250,-0.515861,-0.328574,0.328574
2980.000000,0.827778,23.007993,314.000000,23.007993,23.019145,156.468931,157.531069,0.489133,0.683090,303.294308,300.951978,-0.531069,-0.338261,0.338261
2990.000000,0.830556,23.006927,314.000000,23.006927,23.018384,156.454419,157.545581,0.487748,0.681696,303.299051,300.960694,-0.545581,-0.347504,0.347504
3000.000000,0.833333,23.005868,314.000000,23.005868,23.017616,156.440576,157.559424,0.486364,0.680302,303.303783,300.969399,-0.559424,-0.356321,0.356321
3010.000000,0.836111,23.004817,314.000000,23.004817,23.016842,156.427376,157.572624,0.484980,0.678908,303.308506,300.978092,-0.572624,-0.364729,0.364729
3020.000000,0.838889,23.003772,314.000000,23.003772,23.016061,156.414793,157.585207,0.483597,0.677515,303.313218,300.986772,-0.585207,-0.372744,0.372744
3030.000000,0.841667,23.002734,314.000000,23.002734,23.015275,156.402803,157.597197,0.482213,0.676120,303.317921,300.995441,-0.597197,-0.380381,0.380381
3040.000000,0.844444,23.001702,314.000000,23.001702,23.014483,156.391382,157.608618,0.480829,0.674726,303.322615,301.004098,-0.608618,-0.387654,0.387654
3050.000000,0.847222,23.000676,314.000000,23.000676,23.013685,156.380510,157.619490,0.479446,0.673332,303.327298,301.012743,-0.619490,-0.394580,0.394580
3060.000000,0.850000,22.999656,314.000000,22.999656,23.012883,156.370163,157.629837,0.478062,0.671938,303.331973,301.021376,-0.629837,-0.401170,0.401170
3070.000000,0.852778,22.998642,314.000000,22.998642,23.012075,156.360322,157.639678,0.476679,0.670543,303.336638,301.029996,-0.639678,-0.407439,0.407439
3080.000000,0.855556,22.997633,314.000000,22.997633,23.011263,156.350965,157.649035,0.475296,0.669149,303.341294,301.038604,-0.649035,-0.413398,0.413398
3090.000000,0.858333,22.996629,314.000000,22.996629,23.010446,156.342076,157.657924,0.473913,0.667754,303.345940,301.047200,-0.657924,-0.419060,0.419060
3100.000000,0.861111,22.995630,314.000000,22.995630,23.009624,156.333634,157.666366,0.472530,0.666359,303.350578,301.055783,-0.666366,-0.424437,0.424437
3110.000000,0.863889,22.994636,314.000000,22.994636,23.008798,156.325623,157.674377,0.471147,0.664965,303.355207,301.064354,-0.674377,-0.429540,0.429540
3120.000000,0.866667,22.993647,314.000000,22.993647,23.007969,156.318025,157.681975,0.469764,0.663570,303.359827,301.072912,-0.681975,-0.434379,0.434379
3130.000000,0.869444,22.992662,314.000000,22.992662,23.007135,156.310824,157.689176,0.468381,0.662175,303.364438,301.081458,-0.689176,-0.438965,0.438965
3140.000000,0.872222,22.991682,314.000000,22.991682,23.006298,156.304005,157.695995,0.466998,0.660780,303.369041,301.089991,-0.695995,-0.443309,0.443309
3150.000000,0.875000,22.990705,314.000000,22.990705,23.005457,156.297553,157.702447,0.465615,0.659385,303.373634,301.098511,-0.702447,-0.447418,0.447418
3160.000000,0.877778,22.989733,314.000000,22.989733,23.004612,156.291453,157.708547,0.464233,0.657990,303.378220,301.107019,-0.708547,-0.451304,0.451304
3170.000000,0.880556,22.988764,314.000000,22.988764,23.003764,156.285692,157.714308,0.462850,0.656594,303.382797,301.115513,-0.714308,-0.454974,0.454974
3180.000000,0.883333,22.987799,314.000000,22.987799,23.002913,156.280255,157.719745,0.461467,0.655199,303.387365,301.123996,-0.719745,-0.458436,0.458436
3190.000000,0.886111,22.986837,314.000000,22.986837,23.002059,156.275131,157.724869,0.460085,0.653804,303.391926,301.132465,-0.724869,-0.461700,0.461700
3200.000000,0.888889,22.985879,314.000000,22.985879,23.001203,156.270307,157.729693,0.458702,0.652409,303.396478,301.140921,-0.729693,-0.464773,0.464773
3210.000000,0.891667,22.984924,314.000000,22.984924,23.000343,156.265771,157.734229,0.457320,0.651013,303.401022,301.149365,-0.734229,-0.467662,0.467662
3220.000000,0.894444,22.984020,314.000000,22.984020,22.999628,156.256741,157.743259,0.455938,0.649618,303.405557,301.157795,-0.743259,-0.473413,0.473413
3230.000000,0.897222,22.983246,314.000000,22.983246,22.999303,156.235385,157.764615,0.454555,0.648222,303.410084,301.166214,-0.764615,-0.487016,0.487016
3240.000000,0.900000,22.982477,314.000000,22.982477,22.998973,156.214508,157.785492,0.453173,0.646827,303.414600,301.174622,-0.785492,-0.500314,0.500314
3250.000000,0.902778,22.981714,314.000000,22.981714,22.998638,156.194091,157.805909,0.451791,0.645431,303.419105,301.183020,-0.805909,-0.513318,0.513318
3260.000000,0.905556,22.980955,314.000000,22.980955,22.998298,156.174117,157.825883,0.450409,0.644035,303.423600,301.191408,-0.825883,-0.526040,0.526040
3270.000000,0.908333,22.979552,314.000000,22.979552,22.997746,156.133627,157.866373,0.449028,0.642639,303.428084,301.199786,-0.866373,-0.551830,0.551830
3280.000000,0.911111,22.977883,314.000000,22.977883,22.997098,156.085006,157.914994,0.447647,0.641242,303.432554,301.208157,-0.914994,-0.582799,0.582799
3290.000000,0.913889,22.976222,314.000000,22.976222,22.996442,156.037163,157.962837,0.446266,0.639845,303.437008,301.216523,-0.962837,-0.613272,0.613272
3300.000000,0.916667,22.974570,314.000000,22.974570,22.995779,155.990068,158.009932,0.444885,0.638448,303.441447,301.224883,-1.009932,-0.643269,0.643269
3310.000000,0.919444,22.972926,314.000000,22.972926,22.995109,155.943692,158.056308,0.443506,0.637050,303.445872,301.233238,-1.056308,-0.672808,0.672808
3320.000000,0.922222,22.971290,314.000000,22.971290,22.994432,155.898007,158.101993,0.442126,0.635652,303.450281,301.241587,-1.101993,-0.701907,0.701907
3330.000000,0.925000,22.969661,314.000000,22.969661,22.993748,155.852985,158.147015,0.440747,0.634253,303.454675,301.249930,-1.147015,-0.730582,0.730582
3340.000000,0.927778,22.968039,314.000000,22.968039,22.993058,155.808603,158.191397,0.439368,0.632854,303.459055,301.258268,-1.191397,-0.758852,0.758852
3350.000000,0.930556,22.966424,314.000000,22.966424,22.992362,155.764833,158.235167,0.437990,0.631455,303.463421,301.266599,-1.235167,-0.786731,0.786731
3360.000000,0.933333,22.964815,314.000000,22.964815,22.991661,155.721653,158.278347,0.436612,0.630055,303.467772,301.274924,-1.278347,-0.814234,0.814234
3370.000000,0.936111,22.963213,314.000000,22.963213,22.990954,155.679040,158.320960,0.435234,0.628655,303.472109,301.283243,-1.320960,-0.841376,0.841376
3380.000000,0.938889,22.961617,314.000000,22.961617,22.990241,155.636972,158.363028,0.433857,0.627254,303.476432,301.291556,-1.363028,-0.868171,0.868171
3390.000000,0.941667,22.960027,314.000000,22.960027,22.989523,155.595427,158.404573,0.432480,0.625853,303.480740,301.299862,-1.404573,-0.894632,0.894632
3400.000000,0.944444,22.958443,314.000000,22.958443,22.988801,155.554386,158.445614,0.431104,0.624452,303.485035,301.308162,-1.445614,-0.920773,0.920773
3410.000000,0.947222,22.956864,314.000000,22.956864,22.988073,155.513829,158.486171,0.429728,0.623050,303.489316,301.316455,-1.486171,-0.946606,0.946606
3420.000000,0.950000,22.955290,314.000000,22.955290,22.987341,155.473736,158.526264,0.428352,0.621648,303.493584,301.324742,-1.526264,-0.972142,0.972142
3430.000000,0.952778,22.953721,314.000000,22.953721,22.986605,155.434091,158.565909,0.426976,0.620246,303.497838,301.333022,-1.565909,-0.997394,0.997394
3440.000000,0.955556,22.952157,314.000000,22.952157,22.985865,155.394876,158.605124,0.425601,0.618843,303.502078,301.341296,-1.605124,-1.022372,1.022372
3450.000000,0.958333,22.950598,314.000000,22.950598,22.985121,155.356074,158.643926,0.424227,0.617440,303.506305,301.349563,-1.643926,-1.047087,1.047087
3460.000000,0.961111,22.949043,314.000000,22.949043,22.984372,155.317669,158.682331,0.422852,0.616036,303.510519,301.357822,-1.682331,-1.071548,1.071548
3470.000000,0.963889,22.947493,314.000000,22.947493,22.983620,155.279646,158.720354,0.421478,0.614633,303.514719,301.366076,-1.720354,-1.095767,1.095767
3480.000000,0.966667,22.945947,314.000000,22.945947,22.982865,155.241991,158.758009,0.420105,0.613229,303.518907,301.374322,-1.758009,-1.119751,1.119751
3490.000000,0.969444,22.944405,314.000000,22.944405,22.982106,155.204688,158.795312,0.418731,0.611824,303.523081,301.382561,-1.795312,-1.143511,1.143511
3500.000000,0.972222,22.942866,314.000000,22.942866,22.981344,155.167725,158.832275,0.417358,0.610419,303.527242,301.390793,-1.832275,-1.167054,1.167054
3510.000000,0.975000,22.941332,314.000000,22.941332,22.980579,155.131089,158.868911,0.415986,0.609014,303.531391,301.399018,-1.868911,-1.190389,1.190389
3520.000000,0.977778,22.939801,314.000000,22.939801,22.979811,155.094766,158.905234,0.414613,0.607609,303.535527,301.407236,-1.905234,-1.213525,1.213525
3530.000000,0.980556,22.938274,314.000000,22.938274,22.979040,155.058745,158.941255,0.413241,0.606203,303.539650,301.415447,-1.941255,-1.236468,1.236468
3540.000000,0.983333,22.936749,314.000000,22.936749,22.978266,155.023014,158.976986,0.411870,0.604797,303.543760,301.423650,-1.976986,-1.259227,1.259227
3550.000000,0.986111,22.935228,314.000000,22.935228,22.977490,154.987563,159.012437,0.410498,0.603391,303.547858,301.431847,-2.012437,-1.281807,1.281807
3560.000000,0.988889,22.933711,314.000000,22.933711,22.976711,154.952380,159.047620,0.409127,0.601984,303.551943,301.440036,-2.047620,-1.304217,1.304217
3570.000000,0.991667,22.932196,314.000000,22.932196,22.975929,154.917455,159.082545,0.407756,0.600577,303.556016,301.448218,-2.082545,-1.326462,1.326462
3580.000000,0.994444,22.930688,314.000000,22.930688,22.975159,154.882357,159.117643,0.406386,0.599170,303.560076,301.456392,-2.117643,-1.348817,1.348817
3590.000000,0.997222,22.929186,314.000000,22.929186,22.974395,154.847210,159.152790,0.405016,0.597762,303.564125,301.464559,-2.152790,-1.371204,1.371204
3600.000000,1.000000,22.927687,314.000000,22.927687,22.973629,154.812302,159.187698,0.403646,0.596354,303.568160,301.472719,-2.187698,-1.393438,1.393438
3610.000000,1.002778,22.926191,314.000000,22.926191,22.972861,154.777624,159.222376,0.402276,0.594946,303.572184,301.480872,-2.222376,-1.415526,1.415526
3620.000000,1.005556,22.924697,314.000000,22.924697,22.972090,154.743167,159.256833,0.400907,0.593537,303.576195,301.489017,-2.256833,-1.437473,1.437473
3630.000000,1.008333,22.922629,314.000000,22.922629,22.971132,154.690324,159.309676,0.399538,0.592128,303.580194,301.497155,-2.309676,-1.471131,1.471131
3640.000000,1.011111,22.919434,314.000000,22.919434,22.969804,154.601417,159.398583,0.398170,0.590719,303.584177,301.505289,-2.398583,-1.527760,1.527760
3650.000000,1.013889,22.916251,314.000000,22.916251,22.968468,154.513456,159.486544,0.396802,0.589309,303.588140,301.513425,-2.486544,-1.583786,1.583786
3660.000000,1.016667,22.913078,314.000000,22.913078,22.967123,154.426404,159.573596,0.395435,0.587898,303.592082,301.521563,-2.573596,-1.639233,1.639233
3670.000000,1.019444,22.909916,314.000000,22.909916,22.965771,154.340228,159.659772,0.394069,0.586486,303.596002,301.529702,-2.659772,-1.694122,1.694122
3680.000000,1.022222,22.906763,314.000000,22.906763,22.964410,154.254894,159.745106,0.392704,0.585074,303.599903,301.537843,-2.745106,-1.748475,1.748475
3690.000000,1.025000,22.903620,314.000000,22.903620,22.963043,154.170370,159.829630,0.391339,0.583661,303.603783,301.545985,-2.829630,-1.802312,1.802312
3700.000000,1.027778,22.900487,314.000000,22.900487,22.961668,154.086625,159.913375,0.389975,0.582247,303.607642,301.554128,-2.913375,-1.855653,1.855653
3710.000000,1.030556,22.897363,314.000000,22.897363,22.960287,154.003629,159.996371,0.388612,0.580832,303.611482,301.562272,-2.996371,-1.908516,1.908516
3720.000000,1.033333,22.894247,314.000000,22.894247,22.958899,153.921356,160.078644,0.387250,0.579417,303.615302,301.570418,-3.078644,-1.960920,1.960920
3730.000000,1.036111,22.891140,314.000000,22.891140,22.957505,153.839776,160.160224,0.385888,0.578001,303.619102,301.578564,-3.160224,-2.012881,2.012881
3740.000000,1.038889,22.888041,314.000000,22.888041,22.956105,153.758865,160.241135,0.384527,0.576584,303.622882,301.586711,-3.241135,-2.064417,2.064417
3750.000000,1.041667,22.884950,314.000000,22.884950,22.954699,153.678596,160.321404,0.383167,0.575166,303.626643,301.594859,-3.321404,-2.115544,2.115544
3760.000000,1.044444,22.881866,314.000000,22.881866,22.953289,153.598947,160.401053,0.381807,0.573748,303.630385,301.603007,-3.401053,-2.166276,2.166276
3770.000000,1.047222,22.878790,314.000000,22.878790,22.951872,153.519893,160.480107,0.380449,0.572329,303.634108,301.611156,-3.480107,-2.216629,2.216629
3780.000000,1.050000,22.875721,314.000000,22.875721,22.950451,153.441413,160.558587,0.379091,0.570909,303.637811,301.619305,-3.558587,-2.266616,2.266616
3790.000000,1.052778,22.872659,314.000000,22.872659,22.949026,153.363485,160.636515,0.377733,0.569489,303.641496,301.627454,-3.636515,-2.316252,2.316252
3800.000000,1.055556,22.869603,314.000000,22.869603,22.947595,153.286088,160.713912,0.376376,0.568068,303.645162,301.635604,-3.713912,-2.365549,2.365549
3810.000000,1.058333,22.866554,314.000000,22.866554,22.946161,153.209204,160.790796,0.375020,0.566646,303.648810,301.643753,-3.790796,-2.414520,2.414520
3820.000000,1.061111,22.863511,314.000000,22.863511,22.944722,153.132812,160.867188,0.373665,0.565224,303.652439,301.651903,-3.867188,-2.463177,2.463177
3830.000000,1.063889,22.860474,314.000000,22.860474,22.943280,153.056894,160.943106,0.372310,0.563801,303.656049,301.660052,-3.943106,-2.511532,2.511532
3840.000000,1.066667,22.857443,314.000000,22.857443,22.941833,152.981434,161.018566,0.370956,0.562377,303.659641,301.668202,-4.018566,-2.559596,2.559596
3850.000000,1.069444,22.854418,314.000000,22.854418,22.940383,152.906415,161.093585,0.369603,0.560953,303.663216,301.676351,-4.093585,-2.607379,2.607379
3860.000000,1.072222,22.851398,314.000000,22.851398,22.938930,152.831819,161.168181,0.368250,0.559527,303.666772,301.684500,-4.168181,-2.654892,2.654892
3870.000000,1.075000,22.848383,314.000000,22.848383,22.937473,152.757633,161.242367,0.366898,0.558102,303.670310,301.692648,-4.242367,-2.702145,2.702145
3880.000000,1.077778,22.845374,314.000000,22.845374,22.936013,152.683840,161.316160,0.365547,0.556675,303.673830,301.700796,-4.316160,-2.749147,2.749147
3890.000000,1.080556,22.842369,314.000000,22.842369,22.934550,152.610426,161.389574,0.364196,0.555248,303.677333,301.708944,-4.389574,-2.795907,2.795907
3900.000000,1.083333,22.839370,314.000000,22.839370,22.933085,152.537379,161.462621,0.362846,0.553820,303.680817,301.717091,-4.462621,-2.842434,2.842434
3910.000000,1.086111,22.836375,314.000000,22.836375,22.931616,152.464683,161.535317,0.361497,0.552392,303.684285,301.725237,-4.535317,-2.888737,2.888737
3920.000000,1.088889,22.833384,314.000000,22.833384,22.930146,152.392328,161.607672,0.360148,0.550963,303.687735,301.733383,-4.607672,-2.934823,2.934823
3930.000000,1.091667,22.830387,314.000000,22.830387,22.928636,152.321466,161.678534,0.358800,0.549533,303.691167,301.741528,-4.678534,-2.979958,2.979958
3940.000000,1.094444,22.827369,314.000000,22.827369,22.927050,152.253311,161.746689,0.357452,0.548103,303.694583,301.749672,-4.746689,-3.023369,3.023369
3950.000000,1.097222,22.824355,314.000000,22.824355,22.925462,152.185414,161.814586,0.356105,0.546672,303.697981,301.757814,-4.814586,-3.066615,3.066615
3960.000000,1.100000,22.821345,314.000000,22.821345,22.923872,152.117767,161.882233,0.354759,0.545241,303.701364,301.765955,-4.882233,-3.109703,3.109703
3970.000000,1.102778,22.818338,314.000000,22.818338,22.922280,152.050360,161.949640,0.353413,0.543809,303.704729,301.774095,-4.949640,-3.152637,3.152637
3980.000000,1.105556,22.815334,314.000000,22.815334,22.920687,151.983186,162.016814,0.352068,0.542376,303.708079,301.782233,-5.016814,-3.195423,3.195423
3990.000000,1.108333,22.812333,314.000000,22.812333,22.919092,151.916237,162.083763,0.350724,0.540943,303.711412,301.790370,-5.083763,-3.238066,3.238066
4000.000000,1.111111,22.808815,314.000000,22.808815,22.917328,151.832687,162.167313,0.349380,0.539509,303.714728,301.798505,-5.167313,-3.291282,3.291282
4010.000000,1.113889,22.804694,314.000000,22.804694,22.915365,151.729963,162.270037,0.348037,0.538074,303.718026,301.806641,-5.270037,-3.356711,3.356711
4020.000000,1.116667,22.800582,314.000000,22.800582,22.913395,151.627951,162.372049,0.346695,0.536639,303.721302,301.814782,-5.372049,-3.421687,3.421687
4030.000000,1.119444,22.796479,314.000000,22.796479,22.911420,151.526626,162.473374,0.345353,0.535202,303.724556,301.822927,-5.473374,-3.486225,3.486225
4040.000000,1.122222,22.792386,314.000000,22.792386,22.909440,151.425963,162.574037,0.344013,0.533765,303.727788,301.831077,-5.574037,-3.550342,3.550342
4050.000000,1.125000,22.788300,314.000000,22.788300,22.907455,151.325938,162.674062,0.342673,0.532327,303.730999,301.839231,-5.674062,-3.614053,3.614053
4060.000000,1.127778,22.784223,314.000000,22.784223,22.905466,151.226527,162.773473,0.341334,0.530888,303.734188,301.847389,-5.773473,-3.677371,3.677371
4070.000000,1.130556,22.780154,314.000000,22.780154,22.903472,151.127709,162.872291,0.339997,0.529448,303.737356,301.855552,-5.872291,-3.740313,3.740313
4080.000000,1.133333,22.776092,314.000000,22.776092,22.901474,151.029462,162.970538,0.338660,0.528007,303.740503,301.863718,-5.970538,-3.802890,3.802890
4090.000000,1.136111,22.772039,314.000000,22.772039,22.899471,150.931767,163.068233,0.337324,0.526565,303.743630,301.871888,-6.068233,-3.865117,3.865117
4100.000000,1.138889,22.767992,314.000000,22.767992,22.897465,150.834603,163.165397,0.335988,0.525123,303.746735,301.880062,-6.165397,-3.927005,3.927005
4110.000000,1.141667,22.763953,314.000000,22.763953,22.895456,150.737951,163.262049,0.334654,0.523679,303.749819,301.888240,-6.262049,-3.988566,3.988566
4120.000000,1.144444,22.759920,314.000000,22.759920,22.893442,150.641795,163.358205,0.333321,0.522235,303.752883,301.896421,-6.358205,-4.049812,4.049812
4130.000000,1.147222,22.755894,314.000000,22.755894,22.891426,150.546115,163.453885,0.331988,0.520790,303.755927,301.904605,-6.453885,-4.110755,4.110755
4140.000000,1.150000,22.751875,314.000000,22.751875,22.889406,150.450896,163.549104,0.330656,0.519344,303.758950,301.912794,-6.549104,-4.171404,4.171404
4150.000000,1.152778,22.747862,314.000000,22.747862,22.887383,150.356121,163.643879,0.329325,0.517897,303.761953,301.920985,-6.643879,-4.231770,4.231770
4160.000000,1.155556,22.743855,314.000000,22.743855,22.885358,150.261775,163.738225,0.327995,0.516449,303.764936,301.929180,-6.738225,-4.291863,4.291863
4170.000000,1.158333,22.739854,314.000000,22.739854,22.883330,150.167844,163.832156,0.326666,0.515001,303.767899,301.937378,-6.832156,-4.351692,4.351692
4180.000000,1.161111,22.735860,314.000000,22.735860,22.881299,150.074313,163.925687,0.325337,0.513552,303.770842,301.945579,-6.925687,-4.411266,4.411266
4190.000000,1.163889,22.731870,314.000000,22.731870,22.879266,149.981168,164.018832,0.324010,0.512101,303.773765,301.953783,-7.018832,-4.470594,4.470594
4200.000000,1.166667,22.727887,314.000000,22.727887,22.877231,149.888397,164.111603,0.322683,0.510650,303.776669,301.961991,-7.111603,-4.529684,4.529684
4210.000000,1.169444,22.723909,314.000000,22.723909,22.875193,149.795986,164.204014,0.321357,0.509199,303.779553,301.970201,-7.204014,-4.588544,4.588544
4220.000000,1.172222,22.719936,314.000000,22.719936,22.873154,149.703924,164.296076,0.320032,0.507746,303.782418,301.978414,-7.296076,-4.647182,4.647182
4230.000000,1.175000,22.715968,314.000000,22.715968,22.871112,149.612198,164.387802,0.318707,0.506293,303.785263,301.986630,-7.387802,-4.705606,4.705606
4240.000000,1.177778,22.712006,314.000000,22.712006,22.869069,149.520799,164.479201,0.317384,0.504838,303.788089,301.994849,-7.479201,-4.763822,4.763822
4250.000000,1.180556,22.708048,314.000000,22.708048,22.867024,149.429715,164.570285,0.316061,0.503383,303.790896,302.003070,-7.570285,-4.821838,4.821838
4260.000000,1.183333,22.704095,314.000000,22.704095,22.864977,149.338935,164.661065,0.314739,0.501927,303.793683,302.011294,-7.661065,-4.879659,4.879659
4270.000000,1.186111,22.700147,314.000000,22.700147,22.862929,149.248451,164.751549,0.313418,0.500471,303.796452,302.019521,-7.751549,-4.937292,4.937292
4280.000000,1.188889,22.696125,314.000000,22.696125,22.860637,149.166107,164.833893,0.312098,0.499013,303.799202,302.027751,-7.833893,-4.989741,4.989741
4290.000000,1.191667,22.692068,314.000000,22.692068,22.858227,149.087684,164.912316,0.310778,0.497555,303.801934,302.035981,-7.912316,-5.039692,5.039692
4300.000000,1.194444,22.688014,314.000000,22.688014,22.855818,149.009378,164.990622,0.309459,0.496096,303.804649,302.044212,-7.990622,-5.089568,5.089568
4310.000000,1.197222,22.683963,314.000000,22.683963,22.853408,148.931187,165.068813,0.308141,0.494637,303.807348,302.052444,-8.068813,-5.139372,5.139372
4320.000000,1.200000,22.679914,314.000000,22.679914,22.850999,148.853107,165.146893,0.306824,0.493176,303.810029,302.060676,-8.146893,-5.189104,5.189104
4330.000000,1.202778,22.675867,314.000000,22.675867,22.848590,148.775137,165.224863,0.305507,0.491715,303.812694,302.068908,-8.224863,-5.238766,5.238766
4340.000000,1.205556,22.671823,314.000000,22.671823,22.846180,148.697274,165.302726,0.304191,0.490254,303.815342,302.077141,-8.302726,-5.288361,5.288361
4350.000000,1.208333,22.667781,314.000000,22.667781,22.843772,148.619516,165.380484,0.302875,0.488791,303.817973,302.085375,-8.380484,-5.337888,5.337888
4360.000000,1.211111,22.663742,314.000000,22.663742,22.841363,148.541861,165.458139,0.301560,0.487328,303.820588,302.093608,-8.458139,-5.387349,5.387349
4370.000000,1.213889,22.659705,314.000000,22.659705,22.838954,148.464307,165.535693,0.300246,0.485865,303.823186,302.101842,-8.535693,-5.436747,5.436747
4380.000000,1.216667,22.656437,314.000000,22.656437,22.836793,148.411586,165.588414,0.298933,0.484400,303.825768,302.110077,-8.588414,-5.470328,5.470328
4390.000000,1.219444,22.653344,314.000000,22.653344,22.834693,148.364319,165.635681,0.297620,0.482935,303.828337,302.118307,-8.635681,-5.500434,5.500434
4400.000000,1.222222,22.650248,314.000000,22.650248,22.832596,148.316728,165.683272,0.296308,0.481470,303.830895,302.126532,-8.683272,-5.530746,5.530746
4410.000000,1.225000,22.647149,314.000000,22.647149,22.830504,148.268828,165.731172,0.294996,0.480004,303.833441,302.134753,-8.731172,-5.561256,5.561256
4420.000000,1.227778,22.644048,314.000000,22.644048,22.828415,148.220632,165.779368,0.293684,0.478538,303.835975,302.142969,-8.779368,-5.591954,5.591954
4430.000000,1.230556,22.640944,314.000000,22.640944,22.826329,148.172153,165.827847,0.292373,0.477072,303.838497,302.151180,-8.827847,-5.622833,5.622833
4440.000000,1.233333,22.637838,314.000000,22.637838,22.824247,148.123402,165.876598,0.291062,0.475605,303.841008,302.159386,-8.876598,-5.653884,5.653884
4450.000000,1.236111,22.634731,314.000000,22.634731,22.822168,148.074393,165.925607,0.289752,0.474137,303.843507,302.167587,-8.925607,-5.685100,5.685100
4460.000000,1.238889,22.631621,314.000000,22.631621,22.820093,148.025136,165.974864,0.288442,0.472670,303.845994,302.175784,-8.974864,-5.716474,5.716474
4470.000000,1.241667,22.628509,314.000000,22.628509,22.818020,147.975643,166.024357,0.287132,0.471201,303.848469,302.183977,-9.024357,-5.747998,5.747998
4480.000000,1.244444,22.625395,314.000000,22.625395,22.815951,147.925923,166.074077,0.285823,0.469733,303.850932,302.192164,-9.074077,-5.779667,5.779667
4490.000000,1.247222,22.622280,314.000000,22.622280,22.813884,147.875988,166.124012,0.284514,0.468263,303.853384,302.200348,-9.124012,-5.811473,5.811473
4500.000000,1.250000,22.619163,314.000000,22.619163,22.811820,147.825846,166.174154,0.283206,0.466794,303.855823,302.208527,-9.174154,-5.843410,5.843410
4510.000000,1.252778,22.616045,314.000000,22.616045,22.809759,147.775508,166.224492,0.281899,0.465324,303.858251,302.216702,-9.224492,-5.875473,5.875473
4520.000000,1.255556,22.612925,314.000000,22.612925,22.807700,147.724982,166.275018,0.280591,0.463853,303.860667,302.224872,-9.275018,-5.907655,5.907655
4530.000000,1.258333,22.609804,314.000000,22.609804,22.805644,147.674277,166.325723,0.279284,0.462382,303.863071,302.233038,-9.325723,-5.939951,5.939951
4540.000000,1.261111,22.606682,314.000000,22.606682,22.803591,147.623400,166.376600,0.277978,0.460911,303.865463,302.241200,-9.376600,-5.972356,5.972356
4550.000000,1.263889,22.603559,314.000000,22.603559,22.801539,147.572361,166.427639,0.276672,0.459439,303.867844,302.249358,-9.427639,-6.004865,6.004865
4560.000000,1.266667,22.600435,314.000000,22.600435,22.799490,147.521167,166.478833,0.275367,0.457967,303.870212,302.257511,-9.478833,-6.037473,6.037473
4570.000000,1.269444,22.597309,314.000000,22.597309,22.797443,147.469824,166.530176,0.274062,0.456494,303.872568,302.265661,-9.530176,-6.070176,6.070176
4580.000000,1.272222,22.594183,314.000000,22.594183,22.795398,147.418341,166.581659,0.272757,0.455021,303.874913,302.273806,-9.581659,-6.102968,6.102968
4590.000000,1.275000,22.591057,314.000000,22.591057,22.793355,147.366723,166.633277,0.271453,0.453547,303.877245,302.281947,-9.633277,-6.135845,6.135845
4600.000000,1.277778,22.587929,314.000000,22.587929,22.791315,147.314978,166.685022,0.270149,0.452073,303.879566,302.290085,-9.685022,-6.168804,6.168804
4610.000000,1.280556,22.584801,314.000000,22.584801,22.789276,147.263111,166.736889,0.268846,0.450598,303.881875,302.298218,-9.736889,-6.201840,6.201840
4620.000000,1.283333,22.581483,314.000000,22.581483,22.786653,147.230011,166.769989,0.267543,0.449123,303.884172,302.306347,-9.769989,-6.222923,6.222923
4630.000000,1.286111,22.578033,314.000000,22.578033,22.783635,147.209441,166.790559,0.266241,0.447648,303.886460,302.314469,-9.790559,-6.236025,6.236025
4640.000000,1.288889,22.574578,314.000000,22.574578,22.780623,147.188347,166.811653,0.264938,0.446173,303.888741,302.322582,-9.811653,-6.249460,6.249460
4650.000000,1.291667,22.571117,314.000000,22.571117,22.777616,147.166749,166.833251,0.263636,0.444697,303.891015,302.330685,-9.833251,-6.263217,6.263217
4660.000000,1.294444,22.567652,314.000000,22.567652,22.774614,147.144669,166.855331,0.262334,0.443221,303.893281,302.338779,-9.855331,-6.277281,6.277281
4670.000000,1.297222,22.564182,314.000000,22.564182,22.771617,147.122127,166.877873,0.261033,0.441745,303.895541,302.346864,-9.877873,-6.291639,6.291639
4680.000000,1.300000,22.560707,314.000000,22.560707,22.768625,147.099141,166.900859,0.259731,0.440269,303.897794,302.354940,-9.900859,-6.306280,6.306280
4690.000000,1.302778,22.557229,314.000000,22.557229,22.765638,147.075730,166.924270,0.258430,0.438792,303.900039,302.363007,-9.924270,-6.321191,6.321191
4700.000000,1.305556,22.553746,314.000000,22.553746,22.762656,147.051912,166.948088,0.257129,0.437316,303.902277,302.371064,-9.948088,-6.336362,6.336362
4710.000000,1.308333,22.550259,314.000000,22.550259,22.759677,147.027703,166.972297,0.255828,0.435839,303.904508,302.379113,-9.972297,-6.351781,6.351781
4720.000000,1.311111,22.546768,314.000000,22.546768,22.756703,147.003121,166.996879,0.254527,0.434362,303.906731,302.387154,-9.996879,-6.367439,6.367439
4730.000000,1.313889,22.543274,314.000000,22.543274,22.753732,146.978181,167.021819,0.253227,0.432884,303.908947,302.395185,-10.021819,-6.383324,6.383324
4740.000000,1.316667,22.539777,314.000000,22.539777,22.750766,146.952897,167.047103,0.251927,0.431407,303.911155,302.403208,-10.047103,-6.399429,6.399429
4750.000000,1.319444,22.536276,314.000000,22.536276,22.747803,146.927285,167.072715,0.250627,0.429929,303.913355,302.411223,-10.072715,-6.415742,6.415742
4760.000000,1.322222,22.533086,314.000000,22.533086,22.744945,146.911472,167.088528,0.249327,0.428451,303.915548,302.419229,-10.088528,-6.425814,6.425814
4770.000000,1.325000,22.530183,314.000000,22.530183,22.742186,146.904629,167.095371,0.248027,0.426973,303.917736,302.427225,-10.095371,-6.430172,6.430172
4780.000000,1.327778,22.527274,314.000000,22.527274,22.739432,146.897232,167.102768,0.246728,0.425495,303.919918,302.435210,-10.102768,-6.434884,6.434884
4790.000000,1.330556,22.524360,314.000000,22.524360,22.736684,146.889302,167.110698,0.245428,0.424016,303.922096,302.443182,-10.110698,-6.439935,6.439935
4800.000000,1.333333,22.521440,314.000000,22.521440,22.733942,146.880861,167.119139,0.244129,0.422538,303.924269,302.451143,-10.119139,-6.445311,6.445311
4810.000000,1.336111,22.518515,314.000000,22.518515,22.731205,146.871930,167.128070,0.242829,0.421060,303.926437,302.459093,-10.128070,-6.451000,6.451000
4820.000000,1.338889,22.515586,314.000000,22.515586,22.728472,146.862528,167.137472,0.241530,0.419581,303.928600,302.467032,-10.137472,-6.456988,6.456988
4830.000000,1.341667,22.512651,314.000000,22.512651,22.725745,146.852675,167.147325,0.240231,0.418103,303.930758,302.474959,-10.147325,-6.463264,6.463264
4840.000000,1.344444,22.509712,314.000000,22.509712,22.723022,146.842388,167.157612,0.238932,0.416624,303.932911,302.482875,-10.157612,-6.469816,6.469816
4850.000000,1.347222,22.506769,314.000000,22.506769,22.720304,146.831686,167.168314,0.237633,0.415145,303.935059,302.490781,-10.168314,-6.476633,6.476633
4860.000000,1.350000,22.503822,314.000000,22.503822,22.717590,146.820585,167.179415,0.236334,0.413666,303.937202,302.498675,-10.179415,-6.483704,6.483704
4870.000000,1.352778,22.500871,314.000000,22.500871,22.714880,146.809102,167.190898,0.235035,0.412187,303.939340,302.506558,-10.190898,-6.491018,6.491018
4880.000000,1.355556,22.497916,314.000000,22.497916,22.712173,146.797252,167.202748,0.233736,0.410708,303.941472,302.514431,-10.202748,-6.498566,6.498566
4890.000000,1.358333,22.494957,314.000000,22.494957,22.709471,146.785050,167.214950,0.232437,0.409229,303.943600,302.522293,-10.214950,-6.506338,6.506338
4900.000000,1.361111,22.491995,314.000000,22.491995,22.706772,146.772510,167.227490,0.231139,0.407750,303.945721,302.530145,-10.227490,-6.514325,6.514325
4910.000000,1.363889,22.489029,314.000000,22.489029,22.704077,146.759646,167.240354,0.229841,0.406271,303.947838,302.537986,-10.240354,-6.522518,6.522518
4920.000000,1.366667,22.486061,314.000000,22.486061,22.701385,146.746472,167.253528,0.228542,0.404791,303.949949,302.545817,-10.253528,-6.530910,6.530910
4930.000000,1.369444,22.483089,314.000000,22.483089,22.698696,146.733000,167.267000,0.227244,0.403311,303.952054,302.553637,-10.267000,-6.539490,6.539490
4940.000000,1.372222,22.480114,314.000000,22.480114,22.696010,146.719243,167.280757,0.225946,0.401832,303.954154,302.561447,-10.280757,-6.548253,6.548253
4950.000000,1.375000,22.477137,314.000000,22.477137,22.693328,146.705212,167.294788,0.224648,0.400352,303.956248,302.569247,-10.294788,-6.557190,6.557190
4960.000000,1.377778,22.473703,314.000000,22.473703,22.689239,146.736348,167.263652,0.223350,0.398872,303.958337,302.577037,-10.263652,-6.537358,6.537358
4970.000000,1.380556,22.470117,314.000000,22.470117,22.684721,146.780770,167.219230,0.222052,0.397392,303.960427,302.584809,-10.219230,-6.509064,6.509064
4980.000000,1.383333,22.466521,314.000000,22.466521,22.680214,146.824141,167.175859,0.220754,0.395913,303.962521,302.592560,-10.175859,-6.481439,6.481439
4990.000000,1.386111,22.462914,314.000000,22.462914,22.675718,146.866501,167.133499,0.219455,0.394434,303.964618,302.600291,-10.133499,-6.454458,6.454458
5000.000000,1.388889,22.459297,314.000000,22.459297,22.671231,146.907890,167.092110,0.218156,0.392956,303.966719,302.608001,-10.092110,-6.428095,6.428095
5010.000000,1.391667,22.455670,314.000000,22.455670,22.666755,146.948346,167.051654,0.216856,0.391477,303.968822,302.615692,-10.051654,-6.402327,6.402327
5020.000000,1.394444,22.452034,314.000000,22.452034,22.662288,146.987905,167.012095,0.215556,0.390000,303.970929,302.623363,-10.012095,-6.377130,6.377130
5030.000000,1.397222,22.448389,314.000000,22.448389,22.657831,147.026602,166.973398,0.214256,0.388522,303.973038,302.631015,-9.973398,-6.352483,6.352483
5040.000000,1.400000,22.444736,314.000000,22.444736,22.653382,147.064471,166.935529,0.212955,0.387045,303.975150,302.638647,-9.935529,-6.328362,6.328362
5050.000000,1.402778,22.441074,314.000000,22.441074,22.648942,147.101543,166.898457,0.211654,0.385568,303.977265,302.646260,-9.898457,-6.304749,6.304749
5060.000000,1.405556,22.437404,314.000000,22.437404,22.644509,147.137850,166.862150,0.210353,0.384092,303.979382,302.653855,-9.862150,-6.281624,6.281624
5070.000000,1.408333,22.433727,314.000000,22.433727,22.640085,147.173421,166.826579,0.209051,0.382616,303.981501,302.661430,-9.826579,-6.258967,6.258967
5080.000000,1.411111,22.430042,314.000000,22.430042,22.635668,147.208286,166.791714,0.207749,0.381140,303.983622,302.668987,-9.791714,-6.236761,6.236761
5090.000000,1.413889,22.426350,314.000000,22.426350,22.631258,147.242470,166.757530,0.206447,0.379664,303.985745,302.676525,-9.757530,-6.214987,6.214987
5100.000000,1.416667,22.422651,314.000000,22.422651,22.626855,147.276001,166.723999,0.205144,0.378189,303.987871,302.684045,-9.723999,-6.193630,6.193630
5110.000000,1.419444,22.418946,314.000000,22.418946,22.622459,147.308904,166.691096,0.203841,0.376714,303.989998,302.691547,-9.691096,-6.172673,6.172673
5120.000000,1.422222,22.415234,314.000000,22.415234,22.618069,147.341203,166.658797,0.202538,0.375240,303.992127,302.699031,-9.658797,-6.152100,6.152100
5130.000000,1.425000,22.411517,314.000000,22.411517,22.613686,147.372921,166.627079,0.201235,0.373765,303.994257,302.706497,-9.627079,-6.131897,6.131897
5140.000000,1.427778,22.407467,314.000000,22.407467,22.609203,147.393561,166.606439,0.199931,0.372291,303.996389,302.713946,-9.606439,-6.118751,6.118751
5150.000000,1.430556,22.397571,314.000000,22.397571,22.602839,147.225324,166.774676,0.198627,0.370817,303.998521,302.721378,-9.774676,-6.225908,6.225908
5160.000000,1.433333,22.387705,314.000000,22.387705,22.596453,147.059598,166.940402,0.197325,0.369342,304.000623,302.728829,-9.940402,-6.331466,6.331466
5170.000000,1.436111,22.377869,314.000000,22.377869,22.590047,146.896287,167.103713,0.196024,0.367865,304.002696,302.736297,-10.103713,-6.435486,6.435486
5180.000000,1.438889,22.368061,314.000000,22.368061,22.583620,146.735304,167.264696,0.194724,0.366387,304.004739,302.743782,-10.264696,-6.538023,6.538023
5190.000000,1.441667,22.358281,314.000000,22.358281,22.577173,146.576560,167.423440,0.193426,0.364907,304.006754,302.751283,-10.423440,-6.639133,6.639133
5200.000000,1.444444,22.348528,314.000000,22.348528,22.570708,146.419975,167.580025,0.192130,0.363426,304.008741,302.758801,-10.580025,-6.738869,6.738869
5210.000000,1.447222,22.338800,314.000000,22.338800,22.564225,146.265469,167.734531,0.190834,0.361944,304.010700,302.766335,-10.734531,-6.837281,6.837281
5220.000000,1.450000,22.329098,314.000000,22.329098,22.557725,146.112966,167.887034,0.189540,0.360460,304.012631,302.773884,-10.887034,-6.934417,6.934417
5230.000000,1.452778,22.319419,314.000000,22.319419,22.551209,145.962392,168.037608,0.188248,0.358974,304.014536,302.781448,-11.037608,-7.030323,7.030323
5240.000000,1.455556,22.309765,314.000000,22.309765,22.544677,145.813678,168.186322,0.186956,0.357488,304.016414,302.789027,-11.186322,-7.125046,7.125046
5250.000000,1.458333,22.300132,314.000000,22.300132,22.538130,145.666757,168.333243,0.185667,0.356000,304.018266,302.796620,-11.333243,-7.218626,7.218626
5260.000000,1.461111,22.290522,314.000000,22.290522,22.531569,145.521563,168.478437,0.184378,0.354511,304.020092,302.804228,-11.478437,-7.311107,7.311107
5270.000000,1.463889,22.280933,314.000000,22.280933,22.524994,145.378034,168.621966,0.183091,0.353021,304.021893,302.811849,-11.621966,-7.402526,7.402526
5280.000000,1.466667,22.271364,314.000000,22.271364,22.518406,145.236112,168.763888,0.181804,0.351529,304.023668,302.819484,-11.763888,-7.492922,7.492922
5290.000000,1.469444,22.261816,314.000000,22.261816,22.511805,145.095738,168.904262,0.180520,0.350036,304.025418,302.827132,-11.904262,-7.582333,7.582333
5300.000000,1.472222,22.251891,314.000000,22.251891,22.503966,144.996410,169.003590,0.179236,0.348542,304.027144,302.834793,-12.003590,-7.645598,7.645598
5310.000000,1.475000,22.241967,314.000000,22.241967,22.496090,144.898910,169.101090,0.177953,0.347047,304.028852,302.842460,-12.101090,-7.707700,7.707700
5320.000000,1.477778,22.232054,314.000000,22.232054,22.488207,144.802221,169.197779,0.176672,0.345551,304.030542,302.850131,-12.197779,-7.769286,7.769286
5330.000000,1.480556,22.222151,314.000000,22.222151,22.480319,144.706315,169.293685,0.175391,0.344054,304.032214,302.857808,-12.293685,-7.830373,7.830373
5340.000000,1.483333,22.212258,314.000000,22.212258,22.472424,144.611167,169.388833,0.174110,0.342556,304.033868,302.865490,-12.388833,-7.890977,7.890977
5350.000000,1.486111,22.202375,314.000000,22.202375,22.464523,144.516752,169.483248,0.172831,0.341058,304.035505,302.873176,-12.483248,-7.951113,7.951113
5360.000000,1.488889,22.192501,314.000000,22.192501,22.456617,144.423047,169.576953,0.171553,0.339558,304.037125,302.880867,-12.576953,-8.010798,8.010798
5370.000000,1.491667,22.182637,314.000000,22.182637,22.448706,144.330030,169.669970,0.170275,0.338058,304.038728,302.888563,-12.669970,-8.070045,8.070045
5380.000000,1.494444,22.172781,314.000000,22.172781,22.440790,144.237677,169.762323,0.168998,0.336557,304.040314,302.896263,-12.762323,-8.128868,8.128868
5390.000000,1.497222,22.162934,314.000000,22.162934,22.432869,144.145968,169.854032,0.167722,0.335056,304.041883,302.903967,-12.854032,-8.187281,8.187281
5400.000000,1.500000,22.153095,314.000000,22.153095,22.424943,144.054884,169.945116,0.166447,0.333553,304.043435,302.911675,-12.945116,-8.245297,8.245297
5410.000000,1.502778,22.143265,314.000000,22.143265,22.417013,143.964404,170.035596,0.165173,0.332049,304.044971,302.919388,-13.035596,-8.302927,8.302927
5420.000000,1.505556,22.133443,314.000000,22.133443,22.409078,143.874510,170.125490,0.163899,0.330545,304.046490,302.927104,-13.125490,-8.360184,8.360184
5430.000000,1.508333,22.123628,314.000000,22.123628,22.401139,143.785185,170.214815,0.162626,0.329040,304.047993,302.934824,-13.214815,-8.417080,8.417080
5440.000000,1.511111,22.113822,314.000000,22.113822,22.393197,143.696411,170.303589,0.161354,0.327534,304.049480,302.942548,-13.303589,-8.473624,8.473624
5450.000000,1.513889,22.104022,314.000000,22.104022,22.385251,143.608171,170.391829,0.160083,0.326028,304.050951,302.950275,-13.391829,-8.529827,8.529827
5460.000000,1.516667,22.094230,314.000000,22.094230,22.377301,143.520450,170.479550,0.158813,0.324521,304.052406,302.958007,-13.479550,-8.585701,8.585701
5470.000000,1.519444,22.084445,314.000000,22.084445,22.369347,143.433233,170.566767,0.157543,0.323012,304.053845,302.965741,-13.566767,-8.641253,8.641253
5480.000000,1.522222,22.074667,314.000000,22.074667,22.361390,143.346505,170.653495,0.156274,0.321504,304.055269,302.973479,-13.653495,-8.696494,8.696494
5490.000000,1.525000,22.064896,314.000000,22.064896,22.353430,143.260251,170.739749,0.155006,0.319994,304.056677,302.981220,-13.739749,-8.751432,8.751432
5500.000000,1.527778,22.055131,314.000000,22.055131,22.345468,143.174460,170.825540,0.153739,0.318483,304.058069,302.988964,-13.825540,-8.806077,8.806077
5510.000000,1.530556,22.045373,314.000000,22.045373,22.337502,143.089117,170.910883,0.152472,0.316972,304.059446,302.996712,-13.910883,-8.860435,8.860435
5520.000000,1.533333,22.035621,314.000000,22.035621,22.329533,143.004210,170.995790,0.151206,0.315460,304.060808,303.004462,-13.995790,-8.914516,8.914516
5530.000000,1.536111,22.025361,314.000000,22.025361,22.321395,142.903108,171.096892,0.149941,0.313948,304.062155,303.012216,-14.096892,-8.978912,8.978912
5540.000000,1.538889,22.004523,314.000000,22.004523,22.309838,142.461185,171.538815,0.148677,0.312434,304.063484,303.019975,-14.538815,-9.260392,9.260392
5550.000000,1.541667,21.983791,314.000000,21.983791,22.298237,142.026375,171.973625,0.147417,0.310916,304.064743,303.027803,-14.973625,-9.537341,9.537341
5560.000000,1.544444,21.963163,314.000000,21.963163,22.286596,141.598426,172.401574,0.146160,0.309395,304.065934,303.035697,-15.401574,-9.809920,9.809920
5570.000000,1.547222,21.942636,314.000000,21.942636,22.274917,141.177093,172.822907,0.144908,0.307870,304.067059,303.043658,-15.822907,-10.078284,10.078284
5580.000000,1.550000,21.922205,314.000000,21.922205,22.263200,140.762142,173.237858,0.143659,0.306341,304.068118,303.051683,-16.237858,-10.342584,10.342584
5590.000000,1.552778,21.901870,314.000000,21.901870,22.251449,140.353349,173.646651,0.142414,0.304809,304.069113,303.059773,-16.646651,-10.602963,10.602963
5600.000000,1.555556,21.881626,314.000000,21.881626,22.239665,139.950497,174.049503,0.141172,0.303272,304.070045,303.067924,-17.049503,-10.859556,10.859556
5610.000000,1.558333,21.861471,314.000000,21.861471,22.227850,139.553380,174.446620,0.139934,0.301733,304.070915,303.076138,-17.446620,-11.112497,11.112497
5620.000000,1.561111,21.841404,314.000000,21.841404,22.216006,139.161799,174.838201,0.138699,0.300189,304.071724,303.084412,-17.838201,-11.361912,11.361912
5630.000000,1.563889,21.821735,314.000000,21.821735,22.205109,138.744102,175.255898,0.137468,0.298643,304.072474,303.092745,-18.255898,-11.627960,11.627960
5640.000000,1.566667,21.802201,314.000000,21.802201,22.194320,138.327664,175.672336,0.136241,0.297092,304.073160,303.101144,-18.672336,-11.893208,11.893208
5650.000000,1.569444,21.782757,314.000000,21.782757,22.183505,137.916760,176.083240,0.135017,0.295538,304.073784,303.109607,-19.083240,-12.154930,12.154930
5660.000000,1.572222,21.763401,314.000000,21.763401,22.172666,137.511202,176.488798,0.133797,0.293981,304.074346,303.118133,-19.488798,-12.413247,12.413247
5670.000000,1.575000,21.744130,314.000000,21.744130,22.161803,137.110809,176.889191,0.132581,0.292419,304.074847,303.126722,-19.889191,-12.668275,12.668275
5680.000000,1.577778,21.724942,314.000000,21.724942,22.150918,136.715406,177.284594,0.131368,0.290854,304.075289,303.135372,-20.284594,-12.920123,12.920123
5690.000000,1.580556,21.705835,314.000000,21.705835,22.140013,136.324828,177.675172,0.130158,0.289286,304.075673,303.144083,-20.675172,-13.168899,13.168899
5700.000000,1.583333,21.686806,314.000000,21.686806,22.129089,135.938913,178.061087,0.128952,0.287714,304.075999,303.152855,-21.061087,-13.414705,13.414705
5710.000000,1.586111,21.667855,314.000000,21.667855,22.118147,135.557509,178.442491,0.127750,0.286139,304.076268,303.161685,-21.442491,-13.657637,13.657637
5720.000000,1.588889,21.648978,314.000000,21.648978,22.107188,135.180467,178.819533,0.126551,0.284561,304.076481,303.170574,-21.819533,-13.897792,13.897792
5730.000000,1.591667,21.630174,314.000000,21.630174,22.096214,134.807647,179.192353,0.125355,0.282979,304.076640,303.179520,-22.192353,-14.135257,14.135257
5740.000000,1.594444,21.611442,314.000000,21.611442,22.085225,134.438911,179.561089,0.124162,0.281393,304.076744,303.188523,-22.561089,-14.370121,14.370121
5750.000000,1.597222,21.592779,314.000000,21.592779,22.074223,134.074129,179.925871,0.122973,0.279805,304.076795,303.197582,-22.925871,-14.602465,14.602465
5760.000000,1.600000,21.574185,314.000000,21.574185,22.063208,133.713177,180.286823,0.121787,0.278213,304.076794,303.206697,-23.286823,-14.832371,14.832371
5770.000000,1.602778,21.555657,314.000000,21.555657,22.052182,133.355934,180.644066,0.120604,0.276618,304.076742,303.215866,-23.644066,-15.059914,15.059914
5780.000000,1.605556,21.537193,314.000000,21.537193,22.041145,133.002285,180.997715,0.119424,0.275020,304.076638,303.225089,-23.997715,-15.285169,15.285169
5790.000000,1.608333,21.518794,314.000000,21.518794,22.030099,132.652118,181.347882,0.118248,0.273419,304.076484,303.234366,-24.347882,-15.508205,15.508205
5800.000000,1.611111,21.500457,314.000000,21.500457,22.019045,132.305328,181.694672,0.117074,0.271815,304.076281,303.243695,-24.694672,-15.729090,15.729090
5810.000000,1.613889,21.482180,314.000000,21.482180,22.007982,131.961812,182.038188,0.115904,0.270208,304.076029,303.253076,-25.038188,-15.947891,15.947891
5820.000000,1.616667,21.463963,314.000000,21.463963,21.996912,131.621472,182.378528,0.114736,0.268597,304.075729,303.262509,-25.378528,-16.164668,16.164668
5830.000000,1.619444,21.445805,314.000000,21.445805,21.985836,131.284214,182.715786,0.113572,0.266984,304.075381,303.271993,-25.715786,-16.379482,16.379482
5840.000000,1.622222,21.427703,314.000000,21.427703,21.974754,130.949947,183.050053,0.112410,0.265367,304.074987,303.281528,-26.050053,-16.592390,16.592390
5850.000000,1.625000,21.409658,314.000000,21.409658,21.963667,130.618585,183.381415,0.111252,0.263748,304.074547,303.291112,-26.381415,-16.803449,16.803449
5860.000000,1.627778,21.391667,314.000000,21.391667,21.952576,130.290044,183.709956,0.110096,0.262126,304.074061,303.300745,-26.709956,-17.012711,17.012711
5870.000000,1.630556,21.373730,314.000000,21.373730,21.941481,129.964244,184.035756,0.108944,0.260501,304.073530,303.310428,-27.035756,-17.220227,17.220227
5880.000000,1.633333,21.355847,314.000000,21.355847,21.930383,129.641108,184.358892,0.107794,0.258872,304.072954,303.320159,-27.358892,-17.426046,17.426046
5890.000000,1.636111,21.338015,314.000000,21.338015,21.919283,129.320563,184.679437,0.106647,0.257242,304.072335,303.329937,-27.679437,-17.630215,17.630215
5900.000000,1.638889,21.320234,314.000000,21.320234,21.908180,129.002536,184.997464,0.105503,0.255608,304.071672,303.339763,-27.997464,-17.832779,17.832779
5910.000000,1.641667,21.302503,314.000000,21.302503,21.897076,128.686961,185.313039,0.104362,0.253971,304.070966,303.349636,-28.313039,-18.033783,18.033783
5920.000000,1.644444,21.284821,314.000000,21.284821,21.885972,128.373771,185.626229,0.103224,0.252332,304.070219,303.359555,-28.626229,-18.233267,18.233267
5930.000000,1.647222,21.267187,314.000000,21.267187,21.874866,128.062904,185.937096,0.102088,0.250690,304.069429,303.369520,-28.937096,-18.431272,18.431272
5940.000000,1.650000,21.249745,314.000000,21.249745,21.864206,127.739948,186.260052,0.100955,0.249045,304.068598,303.379531,-29.260052,-18.636976,18.636976
5950.000000,1.652778,21.231335,314.000000,21.231335,21.853505,127.372881,186.627119,0.099825,0.247397,304.067724,303.389589,-29.627119,-18.870776,18.870776
5960.000000,1.655556,21.206888,314.000000,21.206888,21.840831,126.812200,187.187800,0.098698,0.245746,304.066802,303.399705,-30.187800,-19.227898,19.227898
5970.000000,1.658333,21.182586,314.000000,21.182586,21.828143,126.259151,187.740849,0.097576,0.244090,304.065805,303.409916,-30.740849,-19.580159,19.580159
5980.000000,1.661111,21.158425,314.000000,21.158425,21.815442,125.713482,188.286518,0.096459,0.242429,304.064735,303.420221,-31.286518,-19.927719,19.927719
5990.000000,1.663889,21.134404,314.000000,21.134404,21.802730,125.174953,188.825047,0.095347,0.240764,304.063593,303.430620,-31.825047,-20.270730,20.270730
6000.000000,1.666667,21.110518,314.000000,21.110518,21.790008,124.643336,189.356664,0.094240,0.239093,304.062381,303.441109,-32.356664,-20.609340,20.609340
6010.000000,1.669444,21.086764,314.000000,21.086764,21.777277,124.118408,189.881592,0.093137,0.237418,304.061100,303.451690,-32.881592,-20.943689,20.943689
6020.000000,1.672222,21.063139,314.000000,21.063139,21.764540,123.599958,190.400042,0.092039,0.235738,304.059751,303.462359,-33.400042,-21.273912,21.273912
6030.000000,1.675000,21.039640,314.000000,21.039640,21.751797,123.087783,190.912217,0.090946,0.234054,304.058336,303.473117,-33.912217,-21.600139,21.600139
6040.000000,1.677778,21.016265,314.000000,21.016265,21.739050,122.581686,191.418314,0.089857,0.232365,304.056855,303.483961,-34.418314,-21.922493,21.922493
6050.000000,1.680556,20.993011,314.000000,20.993011,21.726300,122.081481,191.918519,0.088773,0.230672,304.055311,303.494891,-34.918519,-22.241095,22.241095
6060.000000,1.683333,20.969875,314.000000,20.969875,21.713549,121.586988,192.413012,0.087693,0.228974,304.053704,303.505906,-35.413012,-22.556059,22.556059
6070.000000,1.686111,20.946855,314.000000,20.946855,21.700796,121.098034,192.901966,0.086617,0.227272,304.052035,303.517005,-35.901966,-22.867494,22.867494
6080.000000,1.688889,20.923948,314.000000,20.923948,21.688045,120.614453,193.385547,0.085546,0.225565,304.050305,303.528186,-36.385547,-23.175508,23.175508
6090.000000,1.691667,20.901153,314.000000,20.901153,21.675295,120.136086,193.863914,0.084479,0.223855,304.048515,303.539449,-36.863914,-23.480200,23.480200
6100.000000,1.694444,20.878466,314.000000,20.878466,21.662548,119.662781,194.337219,0.083416,0.222140,304.046667,303.550792,-37.337219,-23.781668,23.781668
6110.000000,1.697222,20.855886,314.000000,20.855886,21.649804,119.194391,194.805609,0.082357,0.220420,304.044762,303.562216,-37.805609,-24.080006,24.080006
6120.000000,1.700000,20.833411,314.000000,20.833411,21.637065,118.730775,195.269225,0.081303,0.218697,304.042799,303.573718,-38.269225,-24.375303,24.375303
6130.000000,1.702778,20.811039,314.000000,20.811039,21.624331,118.271797,195.728203,0.080253,0.216970,304.040781,303.585298,-38.728203,-24.667645,24.667645
6140.000000,1.705556,20.788767,314.000000,20.788767,21.611603,117.817328,196.182672,0.079206,0.215238,304.038708,303.596955,-39.182672,-24.957116,24.957116
6150.000000,1.708333,20.766594,314.000000,20.766594,21.598882,117.367243,196.632757,0.078164,0.213503,304.036582,303.608689,-39.632757,-25.243794,25.243794
6160.000000,1.711111,20.744519,314.000000,20.744519,21.586169,116.921422,197.078578,0.077126,0.211763,304.034402,303.620498,-40.078578,-25.527756,25.527756
6170.000000,1.713889,20.722539,314.000000,20.722539,21.573464,116.479751,197.520249,0.076091,0.210020,304.032169,303.632382,-40.520249,-25.809076,25.809076
6180.000000,1.716667,20.700653,314.000000,20.700653,21.560769,116.042117,197.957883,0.075061,0.208272,304.029886,303.644339,-40.957883,-26.087823,26.087823
6190.000000,1.719444,20.678859,314.000000,20.678859,21.548083,115.608416,198.391584,0.074034,0.206521,304.027551,303.656370,-41.391584,-26.364066,26.364066
6200.000000,1.722222,20.657156,314.000000,20.657156,21.535407,115.178546,198.821454,0.073012,0.204766,304.025167,303.668472,-41.821454,-26.637869,26.637869
6210.000000,1.725000,20.635543,314.000000,20.635543,21.522742,114.752407,199.247593,0.071993,0.203007,304.022734,303.680647,-42.247593,-26.909295,26.909295
6220.000000,1.727778,20.614017,314.000000,20.614017,21.510089,114.329906,199.670094,0.070978,0.201245,304.020252,303.692892,-42.670094,-27.178404,27.178404
6230.000000,1.730556,20.591781,314.000000,20.591781,21.494979,113.990596,200.009404,0.069966,0.199478,304.017723,303.705208,-43.009404,-27.394525,27.394525
6240.000000,1.733333,20.567701,314.000000,20.567701,21.473986,113.843584,200.156416,0.068958,0.197709,304.015156,303.717576,-43.156416,-27.488163,27.488163
6250.000000,1.736111,20.543616,314.000000,20.543616,21.453023,113.694891,200.305109,0.067951,0.195938,304.012575,303.729955,-43.305109,-27.582872,27.582872
6260.000000,1.738889,20.519528,314.000000,20.519528,21.432090,113.544628,200.455372,0.066945,0.194166,304.009981,303.742346,-43.455372,-27.678581,27.678581
6270.000000,1.741667,20.495437,314.000000,20.495437,21.411186,113.392901,200.607099,0.065940,0.192393,304.007373,303.754750,-43.607099,-27.775222,27.775222
6280.000000,1.744444,20.471346,314.000000,20.471346,21.390310,113.239813,200.760187,0.064937,0.190618,304.004750,303.767165,-43.760187,-27.872730,27.872730
6290.000000,1.747222,20.447256,314.000000,20.447256,21.369461,113.085461,200.914539,0.063936,0.188842,304.002113,303.779594,-43.914539,-27.971044,27.971044
6300.000000,1.750000,20.423166,314.000000,20.423166,21.348638,112.929936,201.070064,0.062935,0.187065,303.999462,303.792035,-44.070064,-28.070104,28.070104
6310.000000,1.752778,20.399079,314.000000,20.399079,21.327840,112.773329,201.226671,0.061936,0.185286,303.996796,303.804490,-44.226671,-28.169854,28.169854
6320.000000,1.755556,20.374996,314.000000,20.374996,21.307066,112.615723,201.384277,0.060939,0.183506,303.994116,303.816958,-44.384277,-28.270240,28.270240
6330.000000,1.758333,20.350917,314.000000,20.350917,21.286316,112.457200,201.542800,0.059942,0.181724,303.991421,303.829440,-44.542800,-28.371210,28.371210
6340.000000,1.761111,20.326843,314.000000,20.326843,21.265589,112.297838,201.702162,0.058947,0.179941,303.988712,303.841935,-44.702162,-28.472715,28.472715
6350.000000,1.763889,20.302776,314.000000,20.302776,21.244884,112.137709,201.862291,0.057954,0.178157,303.985987,303.854445,-44.862291,-28.574708,28.574708
6360.000000,1.766667,20.278715,314.000000,20.278715,21.224200,111.976885,202.023115,0.056962,0.176371,303.983248,303.866969,-45.023115,-28.677143,28.677143
6370.000000,1.769444,20.254662,314.000000,20.254662,21.203538,111.815434,202.184566,0.055971,0.174584,303.980494,303.879507,-45.184566,-28.779978,28.779978
6380.000000,1.772222,20.230617,314.000000,20.230617,21.182895,111.653419,202.346581,0.054982,0.172796,303.977725,303.892060,-45.346581,-28.883173,28.883173
6390.000000,1.775000,20.206582,314.000000,20.206582,21.162273,111.490902,202.509098,0.053995,0.171005,303.974942,303.904628,-45.509098,-28.986687,28.986687
6400.000000,1.777778,20.182556,314.000000,20.182556,21.141669,111.327941,202.672059,0.053008,0.169214,303.972143,303.917210,-45.672059,-29.090483,29.090483
6410.000000,1.780556,20.158541,314.000000,20.158541,21.121084,111.164594,202.835406,0.052023,0.167421,303.969330,303.929808,-45.835406,-29.194526,29.194526
6420.000000,1.783333,20.134536,314.000000,20.134536,21.100517,111.000912,202.999088,0.051040,0.165627,303.966502,303.942420,-45.999088,-29.298782,29.298782
6430.000000,1.786111,20.110544,314.000000,20.110544,21.079968,110.836948,203.163052,0.050058,0.163831,303.963659,303.955047,-46.163052,-29.403218,29.403218
6440.000000,1.788889,20.075667,314.000000,20.075667,21.055921,110.321270,203.678730,0.049077,0.162034,303.960801,303.967689,-46.678730,-29.731675,29.731675
6450.000000,1.791667,20.040281,314.000000,20.040281,21.031640,109.792442,204.207558,0.048102,0.160232,303.957887,303.980423,-47.207558,-30.068508,30.068508
6460.000000,1.794444,19.914619,314.000000,19.914619,19.914619,0.000000,314.000000,0.047130,0.158425,303.954915,303.993252,0.000000,0.000000,-0.000000
